ts,ax,ay,az,gx,gy,gz,mx,my,mz
1740,552.0,-58.0,3941.0,278.0,-202.0,-8.0,1091.0,333.0,-3373.0
1990,552.0,-58.0,3941.0,291.0,-213.0,-14.0,1091.0,333.0,-3373.0
2240,552.0,-65.0,3949.0,279.0,-191.0,-17.0,1091.0,333.0,-3373.0
2490,551.0,-64.0,3951.0,299.0,-196.0,-10.0,1091.0,333.0,-3373.0
2740,551.0,-64.0,3951.0,280.0,-194.0,-16.0,1091.0,333.0,-3373.0
2990,558.0,-57.0,3943.0,296.0,-187.0,-2.0,1091.0,333.0,-3373.0
3240,558.0,-57.0,3943.0,284.0,-184.0,-17.0,1091.0,333.0,-3373.0
3490,549.0,-62.0,3950.0,279.0,-194.0,-25.0,1131.0,355.0,-3403.0
3740,559.0,-59.0,3947.0,283.0,-194.0,-18.0,1131.0,355.0,-3403.0
3990,560.0,-59.0,3943.0,277.0,-199.0,-13.0,1131.0,355.0,-3403.0
4240,558.0,-56.0,3941.0,291.0,-202.0,-17.0,1131.0,355.0,-3403.0
4490,558.0,-56.0,3941.0,272.0,-199.0,-30.0,1131.0,355.0,-3403.0
4740,558.0,-56.0,3949.0,275.0,-197.0,-8.0,1131.0,355.0,-3403.0
4990,561.0,-66.0,3947.0,280.0,-196.0,-25.0,1131.0,355.0,-3403.0
5240,561.0,-66.0,3947.0,293.0,-189.0,-14.0,1131.0,355.0,-3403.0
5490,555.0,-44.0,3943.0,290.0,-183.0,-16.0,1131.0,355.0,-3403.0
5740,557.0,-63.0,3943.0,285.0,-170.0,-17.0,1131.0,355.0,-3403.0
5990,557.0,-63.0,3943.0,271.0,-196.0,-35.0,1131.0,355.0,-3403.0
6240,560.0,-58.0,3947.0,309.0,-194.0,-19.0,1131.0,355.0,-3403.0
6490,560.0,-58.0,3947.0,293.0,-180.0,-7.0,1131.0,355.0,-3403.0
6740,555.0,-54.0,3945.0,272.0,-185.0,-25.0,1105.0,293.0,-3422.0
6990,551.0,-61.0,3950.0,268.0,-186.0,-22.0,1105.0,293.0,-3422.0
7240,556.0,-61.0,3943.0,275.0,-188.0,-28.0,1105.0,293.0,-3422.0
7490,558.0,-59.0,3940.0,307.0,-195.0,-10.0,1105.0,293.0,-3422.0
7740,553.0,-58.0,3950.0,294.0,-215.0,-12.0,1105.0,293.0,-3422.0
7990,559.0,-59.0,3945.0,277.0,-196.0,-18.0,1105.0,293.0,-3422.0
8240,553.0,-55.0,3942.0,286.0,-186.0,-21.0,1087.0,313.0,-3345.0
8490,556.0,-50.0,3942.0,267.0,-196.0,-18.0,1087.0,313.0,-3345.0
8740,555.0,-59.0,3943.0,282.0,-193.0,-19.0,1087.0,313.0,-3345.0
8990,555.0,-59.0,3943.0,306.0,-201.0,-15.0,1087.0,313.0,-3345.0
9240,558.0,-58.0,3941.0,269.0,-182.0,-30.0,1087.0,313.0,-3345.0
9490,556.0,-54.0,3945.0,278.0,-205.0,-18.0,1087.0,313.0,-3345.0
9740,556.0,-54.0,3945.0,295.0,-208.0,-17.0,1087.0,313.0,-3345.0
9990,548.0,-53.0,3951.0,295.0,-205.0,-28.0,1087.0,313.0,-3345.0
10240,556.0,-55.0,3952.0,282.0,-199.0,-20.0,1087.0,313.0,-3345.0
10490,556.0,-55.0,3952.0,294.0,-208.0,-12.0,1087.0,313.0,-3345.0
10740,554.0,-55.0,3943.0,273.0,-197.0,-19.0,1087.0,313.0,-3345.0
10990,555.0,-63.0,3948.0,272.0,-170.0,-20.0,1087.0,313.0,-3345.0
11240,553.0,-58.0,3944.0,295.0,-196.0,-8.0,1087.0,313.0,-3345.0
11490,559.0,-56.0,3948.0,303.0,-203.0,-14.0,1101.0,315.0,-3465.0
11740,559.0,-56.0,3948.0,283.0,-188.0,-32.0,1101.0,315.0,-3465.0
11990,557.0,-62.0,3950.0,294.0,-210.0,-29.0,1101.0,315.0,-3465.0
12240,560.0,-63.0,3943.0,277.0,-204.0,-24.0,1101.0,315.0,-3465.0
12490,558.0,-59.0,3942.0,296.0,-185.0,-15.0,1101.0,315.0,-3465.0
12740,558.0,-57.0,3942.0,284.0,-194.0,-27.0,1101.0,315.0,-3465.0
12990,558.0,-57.0,3942.0,299.0,-201.0,-23.0,1101.0,315.0,-3465.0
13240,557.0,-61.0,3940.0,262.0,-194.0,-25.0,1101.0,315.0,-3465.0
13490,557.0,-61.0,3940.0,296.0,-214.0,-18.0,1101.0,315.0,-3465.0
13740,557.0,-61.0,3940.0,304.0,-196.0,-6.0,1101.0,315.0,-3465.0
13990,557.0,-58.0,3946.0,303.0,-184.0,-16.0,1101.0,315.0,-3465.0
14240,557.0,-58.0,3946.0,295.0,-201.0,-7.0,1101.0,315.0,-3465.0
14490,558.0,-59.0,3945.0,279.0,-192.0,-14.0,1101.0,315.0,-3465.0
14740,563.0,-63.0,3941.0,302.0,-201.0,-16.0,1101.0,315.0,-3465.0
14990,563.0,-63.0,3941.0,297.0,-210.0,-21.0,1101.0,315.0,-3465.0
15240,554.0,-54.0,3942.0,281.0,-190.0,-18.0,1101.0,315.0,-3465.0
15490,554.0,-54.0,3942.0,301.0,-193.0,-10.0,1101.0,315.0,-3465.0
15740,556.0,-59.0,3947.0,301.0,-204.0,-20.0,1101.0,315.0,-3465.0
15990,556.0,-57.0,3947.0,290.0,-201.0,-22.0,1101.0,315.0,-3465.0
16240,554.0,-56.0,3953.0,301.0,-180.0,-25.0,1101.0,315.0,-3465.0
16490,556.0,-45.0,3950.0,274.0,-184.0,-27.0,1143.0,271.0,-3370.0
16740,556.0,-45.0,3950.0,297.0,-209.0,-9.0,1143.0,271.0,-3370.0
16990,560.0,-47.0,3942.0,313.0,-194.0,-9.0,1143.0,271.0,-3370.0
17240,554.0,-62.0,3947.0,295.0,-200.0,-10.0,1143.0,271.0,-3370.0
17490,554.0,-53.0,3944.0,300.0,-175.0,-14.0,1143.0,271.0,-3370.0
17740,545.0,-62.0,3950.0,298.0,-201.0,-19.0,1143.0,271.0,-3370.0
17990,556.0,-57.0,3954.0,312.0,-205.0,-16.0,1143.0,271.0,-3370.0
18240,556.0,-57.0,3954.0,313.0,-210.0,-26.0,1143.0,271.0,-3370.0
18490,550.0,-60.0,3950.0,311.0,-204.0,-22.0,1143.0,271.0,-3370.0
18740,553.0,-59.0,3951.0,298.0,-209.0,-23.0,1143.0,271.0,-3370.0
18990,555.0,-67.0,3941.0,316.0,-199.0,-20.0,1143.0,271.0,-3370.0
19240,557.0,-59.0,3947.0,311.0,-194.0,-18.0,1143.0,271.0,-3370.0
19490,557.0,-59.0,3947.0,291.0,-208.0,-19.0,1143.0,271.0,-3370.0
19740,554.0,-51.0,3939.0,293.0,-196.0,-24.0,1135.0,331.0,-3391.0
19990,554.0,-51.0,3939.0,296.0,-199.0,-21.0,1135.0,331.0,-3391.0
20240,558.0,-52.0,3949.0,302.0,-203.0,-21.0,1135.0,331.0,-3391.0
20490,557.0,-59.0,3939.0,306.0,-218.0,-14.0,1135.0,331.0,-3391.0
20740,558.0,-52.0,3936.0,296.0,-198.0,-21.0,1135.0,331.0,-3391.0
20990,554.0,-59.0,3939.0,308.0,-206.0,-17.0,1135.0,331.0,-3391.0
21240,554.0,-59.0,3939.0,306.0,-215.0,-29.0,1135.0,331.0,-3391.0
21490,558.0,-52.0,3938.0,308.0,-206.0,-13.0,1135.0,331.0,-3391.0
21740,554.0,-56.0,3951.0,285.0,-202.0,-22.0,1135.0,331.0,-3391.0
21990,554.0,-56.0,3951.0,300.0,-211.0,-16.0,1135.0,331.0,-3391.0
22240,556.0,-57.0,3943.0,290.0,-197.0,-30.0,1135.0,331.0,-3391.0
22490,562.0,-58.0,3951.0,300.0,-203.0,-24.0,1135.0,331.0,-3391.0
22740,562.0,-58.0,3951.0,287.0,-193.0,-10.0,1135.0,331.0,-3391.0
22990,561.0,-56.0,3949.0,286.0,-215.0,-18.0,1135.0,331.0,-3391.0
23240,560.0,-62.0,3942.0,295.0,-206.0,-16.0,1135.0,331.0,-3391.0
23490,559.0,-59.0,3949.0,293.0,-193.0,-24.0,1135.0,331.0,-3391.0
23740,555.0,-53.0,3946.0,305.0,-206.0,-30.0,1135.0,331.0,-3391.0
23990,555.0,-53.0,3946.0,294.0,-205.0,-25.0,1135.0,331.0,-3391.0
24240,557.0,-57.0,3948.0,303.0,-205.0,-21.0,1135.0,331.0,-3391.0
24490,557.0,-57.0,3948.0,308.0,-202.0,-5.0,1151.0,309.0,-3441.0
24740,554.0,-59.0,3943.0,307.0,-207.0,-21.0,1151.0,309.0,-3441.0
24990,567.0,-57.0,3948.0,316.0,-197.0,-27.0,1151.0,309.0,-3441.0
25240,567.0,-57.0,3948.0,339.0,-218.0,-21.0,1151.0,309.0,-3441.0
25490,567.0,-57.0,3948.0,309.0,-217.0,-28.0,1151.0,309.0,-3441.0
25740,557.0,-55.0,3942.0,303.0,-213.0,-29.0,1151.0,309.0,-3441.0
25990,557.0,-55.0,3942.0,271.0,-203.0,-27.0,1151.0,309.0,-3441.0
26240,553.0,-66.0,3950.0,298.0,-213.0,-16.0,1151.0,309.0,-3441.0
26490,553.0,-66.0,3950.0,301.0,-206.0,-12.0,1151.0,309.0,-3441.0
26740,557.0,-54.0,3938.0,303.0,-214.0,-14.0,1151.0,309.0,-3441.0
26990,555.0,-56.0,3947.0,311.0,-197.0,-15.0,1151.0,309.0,-3441.0
27240,555.0,-56.0,3947.0,302.0,-208.0,-22.0,1151.0,309.0,-3441.0
27490,551.0,-56.0,3946.0,301.0,-234.0,-20.0,1151.0,309.0,-3441.0
27740,562.0,-55.0,3951.0,321.0,-209.0,-17.0,1127.0,341.0,-3360.0
27990,556.0,-63.0,3941.0,285.0,-204.0,-30.0,1127.0,341.0,-3360.0
28240,557.0,-58.0,3946.0,291.0,-202.0,-32.0,1127.0,341.0,-3360.0
28490,565.0,-60.0,3944.0,300.0,-203.0,-5.0,1127.0,341.0,-3360.0
28740,553.0,-62.0,3950.0,301.0,-203.0,-19.0,1127.0,341.0,-3360.0
28990,553.0,-62.0,3950.0,300.0,-226.0,-20.0,1127.0,341.0,-3360.0
29240,556.0,-57.0,3946.0,276.0,-197.0,-31.0,1127.0,341.0,-3360.0
29490,550.0,-66.0,3939.0,297.0,-215.0,-28.0,1127.0,341.0,-3360.0
29740,550.0,-66.0,3939.0,307.0,-203.0,-10.0,1127.0,341.0,-3360.0
29990,554.0,-64.0,3946.0,298.0,-199.0,-25.0,1127.0,341.0,-3360.0
30240,561.0,-52.0,3942.0,295.0,-206.0,-16.0,1127.0,341.0,-3360.0
30490,561.0,-52.0,3942.0,278.0,-209.0,-17.0,1127.0,341.0,-3360.0
30740,554.0,-55.0,3948.0,321.0,-216.0,-6.0,1127.0,341.0,-3360.0
30990,553.0,-60.0,3945.0,302.0,-199.0,-21.0,1127.0,341.0,-3360.0
31240,554.0,-61.0,3951.0,303.0,-217.0,-24.0,1127.0,341.0,-3360.0
31490,567.0,-60.0,3942.0,300.0,-222.0,-23.0,1127.0,341.0,-3360.0
31740,567.0,-60.0,3942.0,298.0,-198.0,-16.0,1127.0,341.0,-3360.0
31990,556.0,-59.0,3941.0,318.0,-218.0,-21.0,1127.0,341.0,-3360.0
32240,554.0,-65.0,3945.0,309.0,-225.0,-25.0,1127.0,341.0,-3360.0
32490,554.0,-66.0,3951.0,310.0,-211.0,-13.0,1127.0,341.0,-3360.0
32740,557.0,-54.0,3949.0,302.0,-208.0,-20.0,1079.0,301.0,-3425.0
32990,557.0,-54.0,3949.0,306.0,-234.0,-21.0,1079.0,301.0,-3425.0
33240,552.0,-55.0,3954.0,299.0,-210.0,-20.0,1079.0,301.0,-3425.0
33490,552.0,-55.0,3954.0,297.0,-210.0,-23.0,1079.0,301.0,-3425.0
33740,558.0,-58.0,3951.0,298.0,-213.0,-22.0,1079.0,301.0,-3425.0
33990,553.0,-55.0,3944.0,291.0,-203.0,-28.0,1079.0,301.0,-3425.0
34240,553.0,-55.0,3944.0,297.0,-215.0,-26.0,1079.0,301.0,-3425.0
34490,553.0,-63.0,3944.0,298.0,-212.0,-24.0,1079.0,301.0,-3425.0
34740,553.0,-67.0,3944.0,301.0,-216.0,-23.0,1079.0,301.0,-3425.0
34990,553.0,-67.0,3944.0,306.0,-200.0,-22.0,1079.0,301.0,-3425.0
35240,371.0,145.0,3424.0,1124.0,-5423.0,-455.0,1079.0,301.0,-3425.0
35490,1174.0,1028.0,3472.0,-4997.0,-4872.0,-5012.0,1079.0,301.0,-3425.0
35740,-474.0,255.0,3100.0,-291.0,-975.0,7071.0,577.0,-219.0,-3219.0
35990,-1434.0,258.0,4059.0,-1200.0,-1190.0,1216.0,577.0,-219.0,-3219.0
36240,-1434.0,258.0,4059.0,-322.0,-2749.0,2323.0,577.0,-219.0,-3219.0
36490,-1328.0,524.0,3600.0,383.0,-750.0,371.0,577.0,-219.0,-3219.0
36740,-1697.0,318.0,3521.0,4115.0,2014.0,5938.0,577.0,-219.0,-3219.0
36990,-1486.0,96.0,3746.0,1877.0,1633.0,1041.0,577.0,-219.0,-3219.0
37240,-14.0,219.0,4006.0,-1442.0,5319.0,-2208.0,577.0,-219.0,-3219.0
37490,-14.0,219.0,4006.0,397.0,2417.0,-281.0,577.0,-219.0,-3219.0
37740,735.0,280.0,3912.0,91.0,3284.0,835.0,577.0,-219.0,-3219.0
37990,1695.0,455.0,3593.0,-915.0,2151.0,265.0,577.0,-219.0,-3219.0
38240,1695.0,455.0,3593.0,-2151.0,1127.0,10.0,577.0,-219.0,-3219.0
38490,1687.0,874.0,3510.0,862.0,-2311.0,-650.0,577.0,-219.0,-3219.0
38740,470.0,329.0,3655.0,-680.0,-2614.0,1394.0,577.0,-219.0,-3219.0
38990,304.0,349.0,3844.0,5016.0,87.0,7357.0,577.0,-219.0,-3219.0
39240,53.0,287.0,3771.0,-2841.0,-492.0,3701.0,577.0,-219.0,-3219.0
39490,53.0,287.0,3771.0,-1234.0,2823.0,-6611.0,577.0,-219.0,-3219.0
39740,912.0,496.0,3789.0,-755.0,1294.0,-8844.0,577.0,-219.0,-3219.0
39990,1249.0,134.0,3832.0,1065.0,1098.0,-4293.0,577.0,-219.0,-3219.0
40240,1303.0,-8.0,3608.0,133.0,2249.0,-765.0,577.0,-219.0,-3219.0
40490,2096.0,12.0,3414.0,-277.0,-71.0,-313.0,577.0,-219.0,-3219.0
40740,2590.0,91.0,3099.0,480.0,4902.0,483.0,2601.0,-257.0,-3059.0
40990,2660.0,60.0,2886.0,703.0,-1263.0,182.0,2601.0,-257.0,-3059.0
41240,2420.0,90.0,3177.0,1466.0,-4213.0,691.0,2601.0,-257.0,-3059.0
41490,1615.0,-93.0,3623.0,1208.0,-5667.0,-123.0,2601.0,-257.0,-3059.0
41740,638.0,-202.0,3949.0,1014.0,-6094.0,-517.0,2601.0,-257.0,-3059.0
41990,20.0,-299.0,3923.0,537.0,-2623.0,-62.0,2601.0,-257.0,-3059.0
42240,-319.0,-352.0,3960.0,1001.0,-2520.0,272.0,2601.0,-257.0,-3059.0
42490,-706.0,-459.0,3936.0,972.0,-2713.0,-229.0,2601.0,-257.0,-3059.0
42740,-706.0,-459.0,3936.0,593.0,-2685.0,11.0,2601.0,-257.0,-3059.0
42990,-1487.0,-646.0,3627.0,589.0,-1269.0,184.0,2601.0,-257.0,-3059.0
43240,-1557.0,-726.0,3640.0,274.0,423.0,-271.0,2601.0,-257.0,-3059.0
43490,-1487.0,-807.0,3643.0,3126.0,4083.0,1097.0,2601.0,-257.0,-3059.0
43740,-673.0,-1407.0,3707.0,5443.0,2036.0,823.0,2601.0,-257.0,-3059.0
43990,-673.0,-1407.0,3707.0,-76.0,319.0,-33.0,1069.0,875.0,-3591.0
44240,-364.0,-1714.0,3596.0,-10385.0,741.0,-918.0,1069.0,875.0,-3591.0
44490,-27.0,206.0,4014.0,-5452.0,1578.0,-2513.0,1069.0,875.0,-3591.0
44740,69.0,590.0,3978.0,-2440.0,580.0,-412.0,1069.0,875.0,-3591.0
44990,351.0,1272.0,3852.0,-1632.0,177.0,-201.0,1069.0,875.0,-3591.0
45240,351.0,1272.0,3852.0,-1259.0,197.0,-149.0,1069.0,875.0,-3591.0
45490,403.0,1736.0,3586.0,-1186.0,564.0,-211.0,1069.0,875.0,-3591.0
45740,514.0,2082.0,3358.0,-1234.0,295.0,-134.0,1069.0,875.0,-3591.0
45990,514.0,2082.0,3358.0,3189.0,444.0,-454.0,1069.0,875.0,-3591.0
46240,658.0,1403.0,3704.0,8649.0,-646.0,665.0,1069.0,875.0,-3591.0
46490,658.0,1403.0,3704.0,8147.0,-659.0,447.0,1069.0,875.0,-3591.0
46740,658.0,1403.0,3704.0,1163.0,-1639.0,319.0,1069.0,875.0,-3591.0
46990,2.0,-839.0,3928.0,1147.0,-3496.0,-137.0,1069.0,875.0,-3591.0
47240,2.0,-839.0,3928.0,313.0,-2335.0,-599.0,1069.0,875.0,-3591.0
47490,-762.0,-947.0,3777.0,70.0,-73.0,-444.0,1069.0,875.0,-3591.0
47740,-961.0,-903.0,3731.0,393.0,-1945.0,375.0,1069.0,875.0,-3591.0
47990,-1130.0,-946.0,3770.0,622.0,-2175.0,90.0,1069.0,875.0,-3591.0
48240,-1300.0,-948.0,3672.0,-1533.0,4258.0,-744.0,1069.0,875.0,-3591.0
48490,-1300.0,-948.0,3672.0,-825.0,8401.0,-832.0,1069.0,875.0,-3591.0
48740,424.0,-377.0,3908.0,692.0,5096.0,-1230.0,1753.0,17.0,-3467.0
48990,424.0,-377.0,3908.0,-88.0,2270.0,-165.0,1753.0,17.0,-3467.0
49240,1496.0,-471.0,3642.0,404.0,2303.0,1.0,1753.0,17.0,-3467.0
49490,2023.0,-540.0,3393.0,797.0,1823.0,-242.0,1753.0,17.0,-3467.0
49740,2023.0,-540.0,3393.0,169.0,341.0,48.0,1753.0,17.0,-3467.0
49990,2172.0,-562.0,3283.0,349.0,-575.0,-75.0,1753.0,17.0,-3467.0
50240,2001.0,-632.0,3309.0,2374.0,-1494.0,377.0,1753.0,17.0,-3467.0
50490,1802.0,-1171.0,3360.0,5580.0,-3024.0,195.0,1753.0,17.0,-3467.0
50740,1595.0,-1648.0,3251.0,2575.0,-1159.0,-216.0,1753.0,17.0,-3467.0
50990,1435.0,-2078.0,3092.0,3634.0,-2331.0,101.0,1753.0,17.0,-3467.0
51240,1329.0,-2085.0,3118.0,-535.0,-68.0,142.0,1753.0,17.0,-3467.0
51490,1325.0,-1474.0,3347.0,-11628.0,85.0,602.0,1753.0,17.0,-3467.0
51740,1619.0,680.0,3598.0,-9823.0,-147.0,-1859.0,1753.0,17.0,-3467.0
51990,1540.0,1451.0,3347.0,-3411.0,-299.0,204.0,2293.0,-849.0,-2409.0
52240,1576.0,2009.0,3074.0,-1942.0,92.0,270.0,2293.0,-849.0,-2409.0
52490,1546.0,2093.0,2982.0,-153.0,-120.0,-95.0,2293.0,-849.0,-2409.0
52740,1613.0,2084.0,2997.0,798.0,-389.0,25.0,2293.0,-849.0,-2409.0
52990,1581.0,2054.0,2994.0,466.0,194.0,-6.0,2293.0,-849.0,-2409.0
53240,1646.0,2012.0,3027.0,1525.0,2.0,164.0,2293.0,-849.0,-2409.0
53490,1518.0,1231.0,3405.0,10584.0,-934.0,30.0,2293.0,-849.0,-2409.0
53740,1470.0,290.0,3711.0,3125.0,-91.0,13.0,2293.0,-849.0,-2409.0
53990,1648.0,7.0,3716.0,1055.0,6135.0,163.0,2293.0,-849.0,-2409.0
54240,2191.0,7.0,3326.0,245.0,1205.0,-162.0,2293.0,-849.0,-2409.0
54490,2442.0,1.0,3100.0,506.0,-237.0,-212.0,2293.0,-849.0,-2409.0
54740,1826.0,-76.0,3452.0,1054.0,-9154.0,-473.0,2293.0,-849.0,-2409.0
54990,905.0,-184.0,3866.0,1103.0,-5055.0,-569.0,2293.0,-849.0,-2409.0
55240,178.0,-268.0,3986.0,844.0,-4221.0,171.0,1511.0,-171.0,-3390.0
55490,178.0,-268.0,3986.0,921.0,-3154.0,496.0,1511.0,-171.0,-3390.0
55740,-708.0,-451.0,3908.0,743.0,-2344.0,194.0,1511.0,-171.0,-3390.0
55990,-708.0,-451.0,3908.0,255.0,-2374.0,300.0,1511.0,-171.0,-3390.0
56240,-1353.0,-602.0,3743.0,968.0,-771.0,-108.0,1511.0,-171.0,-3390.0
56490,-1608.0,-735.0,3577.0,1096.0,-1445.0,95.0,1511.0,-171.0,-3390.0
56740,-1608.0,-735.0,3577.0,-712.0,263.0,-803.0,1511.0,-171.0,-3390.0
56990,-1691.0,-691.0,3582.0,76.0,959.0,-377.0,439.0,107.0,-3250.0
57240,-877.0,-427.0,3874.0,-518.0,6229.0,886.0,439.0,107.0,-3250.0
57490,-877.0,-427.0,3874.0,161.0,3889.0,-232.0,439.0,107.0,-3250.0
57740,406.0,-350.0,3946.0,-975.0,5224.0,-863.0,439.0,107.0,-3250.0
57990,1176.0,-132.0,3894.0,-1235.0,5639.0,-424.0,439.0,107.0,-3250.0
58240,1441.0,-78.0,3712.0,1852.0,1938.0,-248.0,439.0,107.0,-3250.0
58490,1754.0,-325.0,3535.0,135.0,-219.0,-155.0,439.0,107.0,-3250.0
58740,1648.0,-311.0,3599.0,1053.0,-2484.0,531.0,439.0,107.0,-3250.0
58990,1281.0,-473.0,3766.0,599.0,-2014.0,284.0,439.0,107.0,-3250.0
59240,985.0,-896.0,3718.0,5023.0,-1649.0,-91.0,439.0,107.0,-3250.0
59490,882.0,-1457.0,3557.0,2603.0,-523.0,40.0,439.0,107.0,-3250.0
59740,872.0,-1763.0,3487.0,-21.0,-286.0,124.0,439.0,107.0,-3250.0
59990,874.0,-1512.0,3510.0,-1432.0,-207.0,134.0,439.0,107.0,-3250.0
60240,888.0,-1062.0,3657.0,-6112.0,-56.0,-188.0,1889.0,365.0,-3491.0
60490,888.0,-1062.0,3657.0,-4934.0,68.0,-201.0,1889.0,365.0,-3491.0
60740,888.0,-1062.0,3657.0,-2708.0,-208.0,-141.0,1889.0,365.0,-3491.0
60990,895.0,1728.0,3504.0,-2690.0,137.0,-148.0,1889.0,365.0,-3491.0
61240,895.0,1728.0,3504.0,-3589.0,164.0,-392.0,1889.0,365.0,-3491.0
61490,1105.0,2384.0,3050.0,-713.0,100.0,-236.0,1889.0,365.0,-3491.0
61740,1086.0,2467.0,3018.0,912.0,-111.0,120.0,1889.0,365.0,-3491.0
61990,1086.0,2467.0,3018.0,1768.0,-88.0,-79.0,1889.0,365.0,-3491.0
62240,1085.0,1990.0,3244.0,9506.0,-527.0,-304.0,1889.0,365.0,-3491.0
62490,961.0,575.0,3808.0,6169.0,-925.0,98.0,1889.0,365.0,-3491.0
62740,993.0,261.0,3890.0,338.0,-214.0,10.0,1889.0,365.0,-3491.0
62990,963.0,258.0,3841.0,-160.0,120.0,187.0,1889.0,365.0,-3491.0
63240,961.0,286.0,3863.0,-606.0,-483.0,-88.0,1889.0,365.0,-3491.0
63490,954.0,404.0,3845.0,1518.0,-1202.0,-1389.0,1897.0,-443.0,-3124.0
63740,954.0,404.0,3845.0,-458.0,1851.0,-2280.0,1897.0,-443.0,-3124.0
63990,825.0,240.0,3864.0,1627.0,0.0,-603.0,1897.0,-443.0,-3124.0
64240,1113.0,-1.0,3872.0,876.0,3348.0,-271.0,1897.0,-443.0,-3124.0
64490,1113.0,-1.0,3872.0,162.0,-463.0,-211.0,1897.0,-443.0,-3124.0
64740,1097.0,-15.0,3756.0,-114.0,-347.0,12.0,1897.0,-443.0,-3124.0
64990,1061.0,12.0,3807.0,329.0,-3074.0,-189.0,2041.0,-245.0,-3153.0
65240,1061.0,12.0,3807.0,874.0,-4010.0,380.0,2041.0,-245.0,-3153.0
65490,333.0,-8.0,4031.0,227.0,-1665.0,106.0,2041.0,-245.0,-3153.0
65740,62.0,-69.0,4000.0,906.0,-1387.0,65.0,2041.0,-245.0,-3153.0
65990,-52.0,-61.0,4009.0,546.0,-1602.0,103.0,2041.0,-245.0,-3153.0
66240,-307.0,-93.0,4051.0,317.0,-1405.0,49.0,2041.0,-245.0,-3153.0
66490,-307.0,-93.0,4051.0,421.0,-1504.0,172.0,2041.0,-245.0,-3153.0
66740,-762.0,-111.0,3916.0,408.0,-1521.0,95.0,2041.0,-245.0,-3153.0
66990,-925.0,-95.0,3901.0,410.0,-2308.0,80.0,2041.0,-245.0,-3153.0
67240,-1067.0,-115.0,3852.0,378.0,-773.0,22.0,2041.0,-245.0,-3153.0
67490,-1211.0,-114.0,3844.0,439.0,-740.0,0.0,2041.0,-245.0,-3153.0
67740,-1253.0,-98.0,3768.0,225.0,-1719.0,290.0,2041.0,-245.0,-3153.0
67990,-1518.0,-112.0,3762.0,247.0,-1250.0,83.0,2041.0,-245.0,-3153.0
68240,-1657.0,-105.0,3686.0,177.0,5.0,-257.0,569.0,-209.0,-3101.0
68490,-1645.0,-88.0,3674.0,320.0,2143.0,-504.0,569.0,-209.0,-3101.0
68740,-1258.0,-48.0,3847.0,262.0,3504.0,-1563.0,569.0,-209.0,-3101.0
68990,-1258.0,-48.0,3847.0,187.0,2429.0,26.0,569.0,-209.0,-3101.0
69240,-400.0,-6.0,3990.0,206.0,1678.0,131.0,569.0,-209.0,-3101.0
69490,17.0,-10.0,3980.0,356.0,1011.0,-275.0,569.0,-209.0,-3101.0
69740,17.0,-10.0,3980.0,306.0,779.0,-218.0,569.0,-209.0,-3101.0
69990,411.0,-17.0,3981.0,607.0,767.0,-284.0,569.0,-209.0,-3101.0
70240,642.0,-59.0,3957.0,351.0,859.0,-360.0,569.0,-209.0,-3101.0
70490,642.0,-59.0,3957.0,398.0,522.0,-259.0,569.0,-209.0,-3101.0
70740,799.0,-99.0,3856.0,561.0,692.0,-285.0,569.0,-209.0,-3101.0
70990,799.0,-99.0,3856.0,702.0,1678.0,-311.0,569.0,-209.0,-3101.0
71240,799.0,-99.0,3856.0,354.0,926.0,-126.0,569.0,-209.0,-3101.0
71490,1360.0,-213.0,3748.0,439.0,1487.0,-173.0,2379.0,-201.0,-3239.0
71740,1733.0,-225.0,3589.0,29.0,1315.0,64.0,2379.0,-201.0,-3239.0
71990,1802.0,-211.0,3479.0,458.0,614.0,-56.0,2379.0,-201.0,-3239.0
72240,1807.0,-221.0,3553.0,840.0,-1104.0,-44.0,2379.0,-201.0,-3239.0
72490,1547.0,-288.0,3660.0,1085.0,-3547.0,808.0,2379.0,-201.0,-3239.0
72740,947.0,-106.0,3833.0,-1416.0,-3319.0,671.0,2379.0,-201.0,-3239.0
72990,606.0,28.0,3974.0,291.0,-2649.0,330.0,2379.0,-201.0,-3239.0
73240,357.0,32.0,3956.0,464.0,-2481.0,243.0,1617.0,-281.0,-3257.0
73490,357.0,32.0,3956.0,494.0,-1921.0,253.0,1617.0,-281.0,-3257.0
73740,357.0,32.0,3956.0,184.0,-1949.0,374.0,1617.0,-281.0,-3257.0
73990,-716.0,17.0,3972.0,573.0,-2050.0,319.0,1617.0,-281.0,-3257.0
74240,-716.0,17.0,3972.0,409.0,-1282.0,190.0,1617.0,-281.0,-3257.0
74490,-1175.0,-25.0,3840.0,-101.0,-1260.0,366.0,1617.0,-281.0,-3257.0
74740,-1391.0,-6.0,3784.0,386.0,-2108.0,419.0,1617.0,-281.0,-3257.0
74990,-1391.0,-6.0,3784.0,558.0,-659.0,149.0,1617.0,-281.0,-3257.0
75240,-1691.0,-40.0,3669.0,391.0,914.0,-243.0,1617.0,-281.0,-3257.0
75490,-1118.0,-57.0,3886.0,718.0,8180.0,-760.0,1617.0,-281.0,-3257.0
75740,-582.0,-45.0,3954.0,327.0,3105.0,-321.0,1617.0,-281.0,-3257.0
75990,169.0,-33.0,3955.0,403.0,1759.0,-216.0,1617.0,-281.0,-3257.0
76240,308.0,-30.0,3952.0,1115.0,2399.0,-651.0,1617.0,-281.0,-3257.0
76490,883.0,-167.0,3900.0,323.0,2029.0,-521.0,1921.0,-221.0,-3267.0
76740,883.0,-167.0,3900.0,207.0,4350.0,-27.0,1921.0,-221.0,-3267.0
76990,1901.0,-199.0,3484.0,640.0,353.0,-210.0,1921.0,-221.0,-3267.0
77240,2180.0,-282.0,3286.0,378.0,-286.0,-138.0,1921.0,-221.0,-3267.0
77490,2180.0,-282.0,3286.0,1089.0,-3686.0,789.0,1921.0,-221.0,-3267.0
77740,1466.0,-342.0,3576.0,84.0,-7421.0,578.0,1921.0,-221.0,-3267.0
77990,429.0,-129.0,3996.0,-456.0,-2335.0,-22.0,1921.0,-221.0,-3267.0
78240,429.0,-129.0,3996.0,1185.0,-2775.0,282.0,1921.0,-221.0,-3267.0
78490,-379.0,-405.0,3997.0,2542.0,-1577.0,98.0,1921.0,-221.0,-3267.0
78740,-494.0,-856.0,3883.0,2809.0,-290.0,-358.0,1921.0,-221.0,-3267.0
78990,-499.0,-983.0,3868.0,-26.0,-230.0,-131.0,1921.0,-221.0,-3267.0
79240,-488.0,-595.0,3899.0,-3032.0,689.0,-671.0,1921.0,-221.0,-3267.0
79490,-430.0,-202.0,4010.0,-3182.0,652.0,-578.0,1921.0,-221.0,-3267.0
79740,-233.0,638.0,3912.0,-1845.0,582.0,-418.0,1249.0,-463.0,-3143.0
79990,-233.0,638.0,3912.0,-2383.0,718.0,-436.0,1249.0,-463.0,-3143.0
80240,-5.0,1283.0,3823.0,-2215.0,147.0,73.0,1249.0,-463.0,-3143.0
80490,29.0,1599.0,3655.0,-30.0,-99.0,51.0,1249.0,-463.0,-3143.0
80740,74.0,1657.0,3660.0,7457.0,1545.0,-684.0,1249.0,-463.0,-3143.0
80990,387.0,253.0,3769.0,5245.0,750.0,-250.0,1249.0,-463.0,-3143.0
81240,451.0,-128.0,3980.0,3697.0,-142.0,-130.0,1721.0,-51.0,-3377.0
81490,451.0,-609.0,3896.0,1647.0,-665.0,-90.0,1721.0,-51.0,-3377.0
81740,397.0,-710.0,3969.0,-4560.0,-241.0,122.0,1721.0,-51.0,-3377.0
81990,397.0,-710.0,3969.0,-7997.0,-30.0,98.0,1721.0,-51.0,-3377.0
82240,492.0,901.0,3816.0,-2957.0,310.0,2.0,1721.0,-51.0,-3377.0
82490,550.0,1274.0,3748.0,65.0,-103.0,104.0,1721.0,-51.0,-3377.0
82740,617.0,1264.0,3798.0,6146.0,119.0,-348.0,1721.0,-51.0,-3377.0
82990,582.0,24.0,3965.0,5804.0,-177.0,-93.0,1721.0,-51.0,-3377.0
83240,533.0,-513.0,3894.0,-101.0,-334.0,32.0,1721.0,-51.0,-3377.0
83490,531.0,-410.0,3970.0,-1187.0,-23.0,34.0,1721.0,-51.0,-3377.0
83740,531.0,-410.0,3970.0,124.0,41.0,-349.0,1721.0,-51.0,-3377.0
83990,622.0,77.0,3970.0,-4185.0,163.0,-57.0,1721.0,-51.0,-3377.0
84240,719.0,910.0,3813.0,599.0,31.0,-20.0,1721.0,-51.0,-3377.0
84490,719.0,910.0,3813.0,3117.0,299.0,-465.0,1813.0,-635.0,-2969.0
84740,678.0,719.0,3679.0,946.0,-972.0,334.0,1813.0,-635.0,-2969.0
84990,589.0,169.0,3925.0,3566.0,-404.0,119.0,1813.0,-635.0,-2969.0
85240,589.0,169.0,3925.0,-455.0,-84.0,-41.0,1813.0,-635.0,-2969.0
85490,624.0,222.0,3950.0,98.0,1.0,-87.0,1813.0,-635.0,-2969.0
85740,608.0,257.0,3933.0,196.0,-331.0,-135.0,1813.0,-635.0,-2969.0
85990,608.0,257.0,3933.0,357.0,20.0,-91.0,1813.0,-635.0,-2969.0
86240,620.0,261.0,3892.0,105.0,436.0,-126.0,1813.0,-635.0,-2969.0
86490,620.0,261.0,3892.0,-297.0,-199.0,235.0,1813.0,-635.0,-2969.0
86740,640.0,316.0,3942.0,-674.0,-2371.0,1121.0,1813.0,-635.0,-2969.0
86990,647.0,427.0,3933.0,348.0,-506.0,-310.0,1813.0,-635.0,-2969.0
87240,545.0,511.0,3933.0,534.0,482.0,-36.0,1813.0,-635.0,-2969.0
87490,741.0,532.0,3840.0,621.0,-373.0,331.0,1813.0,-635.0,-2969.0
87740,730.0,473.0,3918.0,1514.0,-221.0,-449.0,1825.0,-473.0,-3036.0
87990,629.0,326.0,3895.0,1513.0,-720.0,86.0,1825.0,-473.0,-3036.0
88240,572.0,176.0,3915.0,449.0,-304.0,-29.0,1825.0,-473.0,-3036.0
88490,585.0,154.0,3954.0,-491.0,51.0,271.0,1825.0,-473.0,-3036.0
88740,635.0,229.0,3893.0,349.0,-424.0,-139.0,1825.0,-473.0,-3036.0
88990,635.0,229.0,3893.0,344.0,-393.0,70.0,1825.0,-473.0,-3036.0
89240,566.0,269.0,3921.0,451.0,-17.0,10.0,1825.0,-473.0,-3036.0
89490,649.0,265.0,3957.0,173.0,234.0,31.0,1749.0,-375.0,-3191.0
89740,649.0,265.0,3957.0,122.0,-366.0,-24.0,1749.0,-375.0,-3191.0
89990,684.0,327.0,3944.0,286.0,-39.0,25.0,1749.0,-375.0,-3191.0
90240,660.0,388.0,3942.0,287.0,-795.0,89.0,1749.0,-375.0,-3191.0
90490,660.0,388.0,3942.0,161.0,-90.0,243.0,1749.0,-375.0,-3191.0
90740,519.0,427.0,3942.0,147.0,-712.0,-223.0,1749.0,-375.0,-3191.0
90990,519.0,427.0,3942.0,378.0,-491.0,341.0,1749.0,-375.0,-3191.0
91240,359.0,433.0,3745.0,-25.0,401.0,983.0,1749.0,-375.0,-3191.0
91490,454.0,491.0,3973.0,370.0,-10.0,371.0,1749.0,-375.0,-3191.0
91740,503.0,493.0,3981.0,389.0,2218.0,-354.0,1749.0,-375.0,-3191.0
91990,634.0,594.0,3957.0,-380.0,599.0,-989.0,1749.0,-375.0,-3191.0
92240,634.0,594.0,3957.0,-49.0,-1044.0,-200.0,1749.0,-375.0,-3191.0
92490,634.0,594.0,3957.0,396.0,25.0,-41.0,1749.0,-375.0,-3191.0
92740,687.0,511.0,3981.0,1731.0,-961.0,288.0,1779.0,-467.0,-3044.0
92990,687.0,511.0,3981.0,3788.0,144.0,-656.0,1779.0,-467.0,-3044.0
93240,578.0,-171.0,3988.0,4719.0,-339.0,-595.0,1779.0,-467.0,-3044.0
93490,578.0,-171.0,3988.0,2908.0,-367.0,34.0,1779.0,-467.0,-3044.0
93740,578.0,-171.0,3988.0,757.0,-391.0,-120.0,1779.0,-467.0,-3044.0
93990,392.0,-1753.0,3576.0,2621.0,-502.0,-79.0,1779.0,-467.0,-3044.0
94240,392.0,-1753.0,3576.0,356.0,-147.0,149.0,1779.0,-467.0,-3044.0
94490,318.0,-2075.0,3416.0,-1454.0,654.0,479.0,1779.0,-467.0,-3044.0
94740,599.0,-1048.0,3844.0,-9589.0,1919.0,-299.0,1779.0,-467.0,-3044.0
94990,599.0,-1048.0,3844.0,-4574.0,519.0,88.0,1779.0,-467.0,-3044.0
95240,881.0,796.0,3825.0,-1409.0,-56.0,5.0,1779.0,-467.0,-3044.0
95490,881.0,796.0,3825.0,-2159.0,-170.0,177.0,1779.0,-467.0,-3044.0
95740,917.0,1400.0,3618.0,617.0,67.0,19.0,1779.0,-467.0,-3044.0
95990,925.0,1008.0,3695.0,8348.0,-1448.0,-177.0,1973.0,-799.0,-2604.0
96240,889.0,413.0,3920.0,7667.0,-1150.0,-101.0,1973.0,-799.0,-2604.0
96490,644.0,-900.0,3850.0,2105.0,-778.0,-142.0,1973.0,-799.0,-2604.0
96740,644.0,-900.0,3850.0,-3566.0,568.0,260.0,1973.0,-799.0,-2604.0
96990,640.0,-854.0,3786.0,-5589.0,599.0,283.0,1973.0,-799.0,-2604.0
97240,859.0,791.0,3848.0,-3451.0,500.0,177.0,1973.0,-799.0,-2604.0
97490,929.0,915.0,3774.0,246.0,9.0,-103.0,1927.0,-591.0,-2842.0
97740,932.0,870.0,3808.0,7728.0,-1072.0,-351.0,1927.0,-591.0,-2842.0
97990,780.0,-414.0,3949.0,5199.0,-835.0,-290.0,1927.0,-591.0,-2842.0
98240,780.0,-414.0,3949.0,-291.0,80.0,138.0,1927.0,-591.0,-2842.0
98490,747.0,-399.0,3851.0,565.0,-479.0,-68.0,1927.0,-591.0,-2842.0
98740,831.0,201.0,3885.0,-7792.0,609.0,393.0,1927.0,-591.0,-2842.0
98990,854.0,394.0,3857.0,1634.0,-332.0,-71.0,1927.0,-591.0,-2842.0
99240,823.0,33.0,3861.0,4835.0,-1206.0,-155.0,1927.0,-591.0,-2842.0
99490,823.0,33.0,3861.0,-141.0,-20.0,-65.0,1927.0,-591.0,-2842.0
99740,717.0,-291.0,3912.0,487.0,-857.0,-224.0,1927.0,-591.0,-2842.0
99990,717.0,-291.0,3912.0,674.0,-1377.0,-539.0,1927.0,-591.0,-2842.0
100240,486.0,-331.0,3898.0,155.0,-943.0,-495.0,1927.0,-591.0,-2842.0
100490,302.0,-246.0,3967.0,64.0,-1412.0,-437.0,1927.0,-591.0,-2842.0
100740,90.0,-226.0,3997.0,336.0,29.0,186.0,1587.0,-185.0,-3350.0
100990,98.0,-354.0,4080.0,1090.0,721.0,486.0,1587.0,-185.0,-3350.0
101240,98.0,-354.0,4080.0,1330.0,-2811.0,4880.0,1587.0,-185.0,-3350.0
101490,-34.0,-275.0,3850.0,98.0,-1101.0,1368.0,1587.0,-185.0,-3350.0
101740,84.0,-163.0,3957.0,-105.0,-547.0,-3.0,1587.0,-185.0,-3350.0
101990,84.0,-163.0,3957.0,83.0,-545.0,-271.0,1587.0,-185.0,-3350.0
102240,88.0,-73.0,3984.0,-41.0,-150.0,-413.0,1587.0,-185.0,-3350.0
102490,79.0,-36.0,4040.0,495.0,-333.0,-188.0,1587.0,-185.0,-3350.0
102740,12.0,-73.0,3970.0,58.0,553.0,370.0,1587.0,-185.0,-3350.0
102990,100.0,-62.0,3990.0,-6.0,1476.0,149.0,1587.0,-185.0,-3350.0
103240,100.0,-62.0,3990.0,-360.0,757.0,769.0,1587.0,-185.0,-3350.0
103490,470.0,82.0,3933.0,1996.0,-155.0,2828.0,1587.0,-185.0,-3350.0
103740,470.0,82.0,3933.0,1152.0,-146.0,3312.0,1587.0,-185.0,-3350.0
103990,581.0,89.0,4000.0,1131.0,-758.0,2477.0,1159.0,25.0,-3434.0
104240,499.0,-19.0,3985.0,518.0,-455.0,2937.0,1159.0,25.0,-3434.0
104490,499.0,-19.0,3985.0,262.0,-157.0,46.0,1159.0,25.0,-3434.0
104740,521.0,8.0,3954.0,414.0,-34.0,-61.0,1159.0,25.0,-3434.0
104990,513.0,10.0,3917.0,402.0,-136.0,-214.0,1159.0,25.0,-3434.0
105240,513.0,10.0,3917.0,389.0,-144.0,-115.0,1159.0,25.0,-3434.0
105490,479.0,-17.0,3939.0,277.0,-196.0,-37.0,1159.0,25.0,-3434.0
105740,497.0,-8.0,3960.0,425.0,-96.0,-27.0,883.0,143.0,-3495.0
105990,479.0,-25.0,3926.0,390.0,-92.0,-172.0,883.0,143.0,-3495.0
106240,508.0,-11.0,3956.0,193.0,-96.0,-557.0,883.0,143.0,-3495.0
106490,508.0,-11.0,3956.0,148.0,-118.0,-85.0,883.0,143.0,-3495.0
106740,511.0,7.0,3937.0,272.0,-229.0,-11.0,883.0,143.0,-3495.0
106990,511.0,7.0,3937.0,320.0,-146.0,-74.0,883.0,143.0,-3495.0
107240,482.0,0.0,3927.0,346.0,-172.0,52.0,883.0,143.0,-3495.0
107490,486.0,25.0,3966.0,137.0,-78.0,459.0,883.0,143.0,-3495.0
107740,498.0,71.0,3996.0,360.0,-671.0,1348.0,883.0,143.0,-3495.0
107990,284.0,47.0,3704.0,1353.0,-463.0,2888.0,883.0,143.0,-3495.0
108240,284.0,47.0,3704.0,886.0,-942.0,820.0,883.0,143.0,-3495.0
108490,81.0,-21.0,3984.0,107.0,450.0,1385.0,883.0,143.0,-3495.0
108740,255.0,137.0,4004.0,353.0,-130.0,-111.0,883.0,143.0,-3495.0
108990,255.0,137.0,4004.0,271.0,-73.0,257.0,537.0,549.0,-3426.0
109240,255.0,104.0,3991.0,227.0,-293.0,60.0,537.0,549.0,-3426.0
109490,247.0,35.0,3943.0,456.0,-143.0,-55.0,537.0,549.0,-3426.0
109740,247.0,35.0,3943.0,372.0,-119.0,-26.0,537.0,549.0,-3426.0
109990,281.0,101.0,4018.0,195.0,-209.0,74.0,537.0,549.0,-3426.0
110240,281.0,101.0,4018.0,371.0,-182.0,-17.0,537.0,549.0,-3426.0
110490,255.0,72.0,4025.0,447.0,-172.0,195.0,537.0,549.0,-3426.0
110740,277.0,82.0,3926.0,121.0,-610.0,-1449.0,537.0,549.0,-3426.0
110990,206.0,82.0,3952.0,380.0,-1052.0,2155.0,537.0,549.0,-3426.0
111240,143.0,236.0,4022.0,-1205.0,170.0,3235.0,537.0,549.0,-3426.0
111490,143.0,236.0,4022.0,2667.0,-41.0,6758.0,537.0,549.0,-3426.0
111740,194.0,140.0,3973.0,437.0,-197.0,71.0,537.0,549.0,-3426.0
111990,188.0,120.0,3964.0,408.0,-345.0,-204.0,537.0,549.0,-3426.0
112240,188.0,120.0,3964.0,476.0,-48.0,-160.0,351.0,1153.0,-3360.0
112490,202.0,150.0,3979.0,349.0,-198.0,-147.0,351.0,1153.0,-3360.0
112740,224.0,152.0,3980.0,420.0,-53.0,-123.0,351.0,1153.0,-3360.0
112990,224.0,152.0,3980.0,341.0,-101.0,4.0,351.0,1153.0,-3360.0
113240,459.0,300.0,3904.0,299.0,127.0,1203.0,351.0,1153.0,-3360.0
113490,459.0,300.0,3904.0,793.0,-583.0,613.0,351.0,1153.0,-3360.0
113740,125.0,-58.0,3973.0,356.0,139.0,2145.0,387.0,1227.0,-3380.0
113990,165.0,-41.0,3978.0,1243.0,328.0,2950.0,387.0,1227.0,-3380.0
114240,182.0,-136.0,4099.0,28.0,41.0,14.0,387.0,1227.0,-3380.0
114490,208.0,-25.0,4033.0,222.0,-349.0,-42.0,387.0,1227.0,-3380.0
114740,228.0,-46.0,3948.0,190.0,-323.0,-14.0,387.0,1227.0,-3380.0
114990,195.0,-14.0,3971.0,419.0,-44.0,4.0,387.0,1227.0,-3380.0
115240,201.0,-4.0,3975.0,347.0,-88.0,1.0,387.0,1227.0,-3380.0
115490,207.0,5.0,3980.0,318.0,24.0,-113.0,387.0,1227.0,-3380.0
115740,207.0,5.0,3980.0,205.0,-145.0,52.0,387.0,1227.0,-3380.0
115990,207.0,5.0,3980.0,402.0,-99.0,227.0,387.0,1227.0,-3380.0
116240,224.0,0.0,3980.0,-613.0,-163.0,1745.0,387.0,1227.0,-3380.0
116490,280.0,212.0,4011.0,300.0,75.0,199.0,387.0,1227.0,-3380.0
116740,280.0,212.0,4011.0,377.0,-177.0,-249.0,387.0,1227.0,-3380.0
116990,274.0,178.0,3970.0,483.0,-202.0,-25.0,567.0,1497.0,-3362.0
117240,282.0,173.0,3962.0,268.0,-130.0,-43.0,567.0,1497.0,-3362.0
117490,282.0,173.0,3962.0,473.0,-212.0,-158.0,567.0,1497.0,-3362.0
117740,284.0,209.0,4014.0,475.0,-416.0,-358.0,567.0,1497.0,-3362.0
117990,275.0,175.0,4043.0,387.0,-354.0,-390.0,567.0,1497.0,-3362.0
118240,242.0,115.0,4004.0,-688.0,-1563.0,-2112.0,567.0,1497.0,-3362.0
118490,89.0,198.0,4036.0,631.0,-253.0,177.0,567.0,1497.0,-3362.0
118740,97.0,109.0,3995.0,987.0,97.0,1165.0,567.0,1497.0,-3362.0
118990,203.0,-23.0,3984.0,-289.0,1214.0,1363.0,567.0,1497.0,-3362.0
119240,203.0,-23.0,3984.0,345.0,-106.0,-143.0,567.0,1497.0,-3362.0
119490,365.0,69.0,3956.0,465.0,-159.0,-67.0,567.0,1497.0,-3362.0
119740,379.0,47.0,3988.0,484.0,-164.0,-151.0,567.0,1497.0,-3362.0
119990,379.0,47.0,3988.0,295.0,-135.0,-33.0,567.0,1497.0,-3362.0
120240,371.0,12.0,3960.0,190.0,-488.0,73.0,693.0,1687.0,-3341.0
120490,371.0,12.0,3960.0,393.0,-161.0,53.0,693.0,1687.0,-3341.0
120740,371.0,12.0,3960.0,447.0,-118.0,91.0,693.0,1687.0,-3341.0
120990,337.0,30.0,3935.0,201.0,-118.0,-69.0,693.0,1687.0,-3341.0
121240,337.0,30.0,3935.0,402.0,-88.0,-350.0,693.0,1687.0,-3341.0
121490,310.0,39.0,3955.0,-125.0,-177.0,-1022.0,693.0,1687.0,-3341.0
121740,236.0,147.0,3964.0,-341.0,-195.0,-4431.0,693.0,1687.0,-3341.0
121990,236.0,147.0,3964.0,-258.0,-266.0,-2342.0,533.0,1451.0,-3357.0
122240,176.0,163.0,4000.0,-7.0,-166.0,-2676.0,533.0,1451.0,-3357.0
122490,176.0,163.0,4000.0,413.0,26.0,-3830.0,533.0,1451.0,-3357.0
122740,252.0,225.0,3972.0,299.0,-291.0,-501.0,533.0,1451.0,-3357.0
122990,234.0,181.0,3991.0,555.0,-321.0,-94.0,533.0,1451.0,-3357.0
123240,197.0,175.0,4003.0,579.0,-97.0,-48.0,533.0,1451.0,-3357.0
123490,221.0,119.0,3931.0,216.0,0.0,254.0,533.0,1451.0,-3357.0
123740,221.0,119.0,3931.0,94.0,-242.0,381.0,533.0,1451.0,-3357.0
123990,258.0,130.0,4013.0,-303.0,-26.0,-1151.0,533.0,1451.0,-3357.0
124240,387.0,310.0,3848.0,-725.0,-492.0,-2334.0,533.0,1451.0,-3357.0
124490,387.0,310.0,3848.0,70.0,-173.0,-7791.0,533.0,1451.0,-3357.0
124740,283.0,291.0,3907.0,2130.0,-1564.0,-3932.0,533.0,1451.0,-3357.0
124990,134.0,41.0,4012.0,-39.0,-291.0,-1297.0,533.0,1451.0,-3357.0
125240,134.0,41.0,4012.0,374.0,-435.0,-144.0,653.0,257.0,-3384.0
125490,132.0,104.0,4030.0,-6.0,-747.0,-699.0,653.0,257.0,-3384.0
125740,158.0,150.0,3952.0,84.0,469.0,-1455.0,653.0,257.0,-3384.0
125990,91.0,72.0,3964.0,523.0,-1076.0,-7978.0,653.0,257.0,-3384.0
126240,-104.0,-9.0,4047.0,-73.0,-257.0,-2023.0,653.0,257.0,-3384.0
126490,-104.0,-9.0,4047.0,493.0,-185.0,-30.0,653.0,257.0,-3384.0
126740,-69.0,-46.0,4014.0,439.0,-363.0,-38.0,653.0,257.0,-3384.0
126990,-69.0,-46.0,4014.0,285.0,-347.0,28.0,653.0,257.0,-3384.0
127240,-133.0,-33.0,3983.0,226.0,20.0,92.0,653.0,257.0,-3384.0
127490,-101.0,-41.0,3994.0,178.0,-205.0,26.0,653.0,257.0,-3384.0
127740,-98.0,-36.0,4015.0,276.0,-74.0,-61.0,653.0,257.0,-3384.0
127990,-89.0,-8.0,4029.0,406.0,-159.0,-1.0,653.0,257.0,-3384.0
128240,-89.0,-8.0,4029.0,882.0,236.0,-809.0,653.0,257.0,-3384.0
128490,-127.0,-107.0,3939.0,132.0,-63.0,-238.0,1015.0,-117.0,-3366.0
128740,-77.0,-33.0,3985.0,413.0,-148.0,-51.0,1015.0,-117.0,-3366.0
128990,-77.0,-33.0,3985.0,505.0,-164.0,-127.0,1015.0,-117.0,-3366.0
129240,-18.0,-95.0,4021.0,-185.0,1662.0,-4596.0,1015.0,-117.0,-3366.0
129490,256.0,-23.0,3967.0,147.0,-467.0,-3631.0,1015.0,-117.0,-3366.0
129740,256.0,-23.0,3967.0,490.0,-626.0,-77.0,1015.0,-117.0,-3366.0
129990,132.0,-98.0,3919.0,403.0,-75.0,-32.0,1791.0,-213.0,-3279.0
130240,132.0,-98.0,3919.0,272.0,-254.0,40.0,1791.0,-213.0,-3279.0
130490,185.0,-81.0,3987.0,365.0,-195.0,-44.0,1791.0,-213.0,-3279.0
130740,192.0,-78.0,4001.0,380.0,-294.0,47.0,1791.0,-213.0,-3279.0
130990,161.0,-89.0,3971.0,69.0,-29.0,47.0,1791.0,-213.0,-3279.0
131240,172.0,-56.0,3972.0,270.0,-181.0,29.0,1791.0,-213.0,-3279.0
131490,172.0,-56.0,3972.0,350.0,-169.0,21.0,1791.0,-213.0,-3279.0
131740,193.0,-71.0,4016.0,109.0,-237.0,6.0,1791.0,-213.0,-3279.0
131990,193.0,-71.0,4016.0,175.0,-98.0,-44.0,1791.0,-213.0,-3279.0
132240,193.0,-71.0,4016.0,217.0,-273.0,-29.0,1791.0,-213.0,-3279.0
132490,129.0,-21.0,3964.0,299.0,-213.0,-84.0,1791.0,-213.0,-3279.0
132740,140.0,-12.0,3983.0,264.0,-266.0,-20.0,1791.0,-213.0,-3279.0
132990,140.0,-12.0,3983.0,382.0,-183.0,-80.0,1791.0,-213.0,-3279.0
133240,134.0,-15.0,4005.0,355.0,-202.0,-87.0,1759.0,-265.0,-3323.0
133490,134.0,-15.0,4005.0,304.0,-185.0,-71.0,1759.0,-265.0,-3323.0
133740,120.0,-39.0,3978.0,341.0,-116.0,-44.0,1759.0,-265.0,-3323.0
133990,109.0,-19.0,3944.0,190.0,167.0,35.0,1759.0,-265.0,-3323.0
134240,204.0,15.0,3953.0,363.0,215.0,-736.0,1759.0,-265.0,-3323.0
134490,236.0,58.0,4000.0,-170.0,-933.0,-1179.0,1759.0,-265.0,-3323.0
134740,267.0,111.0,3971.0,-580.0,1329.0,-8989.0,1759.0,-265.0,-3323.0
134990,514.0,5.0,3929.0,266.0,-199.0,-81.0,1759.0,-265.0,-3323.0
135240,503.0,-1.0,3991.0,257.0,-402.0,-66.0,1759.0,-265.0,-3323.0
135490,468.0,-8.0,3938.0,343.0,-464.0,-103.0,1759.0,-265.0,-3323.0
135740,452.0,-26.0,3963.0,299.0,-315.0,-58.0,1759.0,-265.0,-3323.0
135990,394.0,-15.0,3915.0,320.0,-224.0,-35.0,1759.0,-265.0,-3323.0
136240,441.0,-54.0,4013.0,250.0,-288.0,-61.0,1759.0,-265.0,-3323.0
136490,408.0,-44.0,3948.0,277.0,-260.0,-45.0,2735.0,-37.0,-3023.0
136740,422.0,-57.0,3963.0,307.0,-178.0,9.0,2735.0,-37.0,-3023.0
136990,399.0,-56.0,3946.0,503.0,-224.0,-50.0,2735.0,-37.0,-3023.0
137240,398.0,-84.0,3990.0,344.0,-186.0,-73.0,2735.0,-37.0,-3023.0
137490,426.0,-124.0,3986.0,387.0,-153.0,-144.0,2735.0,-37.0,-3023.0
137740,440.0,-107.0,3952.0,163.0,-631.0,370.0,2735.0,-37.0,-3023.0
137990,563.0,-22.0,3800.0,-360.0,719.0,-476.0,2735.0,-37.0,-3023.0
138240,661.0,-192.0,3952.0,231.0,381.0,244.0,2721.0,97.0,-2988.0
138490,498.0,-178.0,3889.0,1234.0,-2708.0,632.0,2721.0,97.0,-2988.0
138740,359.0,-520.0,3969.0,-277.0,638.0,-5478.0,2721.0,97.0,-2988.0
138990,403.0,-400.0,3969.0,396.0,202.0,-2736.0,2721.0,97.0,-2988.0
139240,374.0,-523.0,3992.0,804.0,-356.0,-1003.0,2721.0,97.0,-2988.0
139490,400.0,-500.0,3893.0,619.0,-171.0,6.0,2721.0,97.0,-2988.0
139740,325.0,-572.0,3957.0,71.0,-377.0,-869.0,2721.0,97.0,-2988.0
139990,251.0,-626.0,3897.0,500.0,-292.0,-316.0,2721.0,97.0,-2988.0
140240,292.0,-646.0,3967.0,265.0,-189.0,-102.0,2721.0,97.0,-2988.0
140490,292.0,-600.0,3936.0,446.0,-251.0,-45.0,2721.0,97.0,-2988.0
140740,289.0,-615.0,3941.0,409.0,-219.0,261.0,2721.0,97.0,-2988.0
140990,262.0,-616.0,3888.0,434.0,-256.0,207.0,2721.0,97.0,-2988.0
141240,373.0,-710.0,3956.0,-184.0,-368.0,4431.0,2721.0,97.0,-2988.0
141490,344.0,-483.0,3940.0,678.0,-2179.0,13609.0,2919.0,513.0,-3002.0
141740,494.0,-491.0,3934.0,-328.0,-1037.0,4162.0,2919.0,513.0,-3002.0
141990,459.0,-519.0,3800.0,-60.0,-3121.0,3849.0,2919.0,513.0,-3002.0
142240,195.0,-376.0,4006.0,113.0,-995.0,5640.0,2919.0,513.0,-3002.0
142490,188.0,-528.0,3917.0,-107.0,-1008.0,3638.0,2919.0,513.0,-3002.0
142740,236.0,-306.0,4040.0,-245.0,-1052.0,2559.0,2919.0,513.0,-3002.0
142990,101.0,-248.0,3948.0,-634.0,-666.0,851.0,2919.0,513.0,-3002.0
143240,36.0,-125.0,3970.0,475.0,453.0,1150.0,2919.0,513.0,-3002.0
143490,131.0,-115.0,4006.0,307.0,-471.0,-126.0,2919.0,513.0,-3002.0
143740,131.0,-115.0,4006.0,229.0,278.0,-718.0,2919.0,513.0,-3002.0
143990,162.0,-87.0,3931.0,-336.0,580.0,284.0,2919.0,513.0,-3002.0
144240,227.0,-35.0,3998.0,104.0,-297.0,-543.0,2919.0,513.0,-3002.0
144490,227.0,-35.0,3998.0,304.0,-280.0,-450.0,2919.0,513.0,-3002.0
144740,142.0,-58.0,3846.0,2359.0,-184.0,971.0,1277.0,-221.0,-3424.0
144990,335.0,14.0,3977.0,-150.0,1516.0,1006.0,1277.0,-221.0,-3424.0
145240,450.0,16.0,3992.0,-146.0,1271.0,-5325.0,1277.0,-221.0,-3424.0
145490,651.0,69.0,3954.0,-444.0,-550.0,1766.0,1277.0,-221.0,-3424.0
145740,630.0,92.0,4002.0,46.0,-442.0,-62.0,1277.0,-221.0,-3424.0
145990,528.0,177.0,3975.0,266.0,-898.0,34.0,1277.0,-221.0,-3424.0
146240,528.0,177.0,3975.0,-247.0,-1758.0,1199.0,1409.0,-237.0,-3224.0
146490,528.0,177.0,3975.0,1.0,-1145.0,2176.0,1409.0,-237.0,-3224.0
146740,3.0,367.0,3916.0,-2464.0,-2357.0,-202.0,1409.0,-237.0,-3224.0
146990,3.0,367.0,3916.0,3527.0,2237.0,-4245.0,1409.0,-237.0,-3224.0
147240,-295.0,218.0,4374.0,-319.0,-2886.0,-868.0,1409.0,-237.0,-3224.0
147490,-295.0,218.0,4374.0,2710.0,-2431.0,-721.0,1409.0,-237.0,-3224.0
147740,-295.0,218.0,4374.0,7919.0,2066.0,-1229.0,1409.0,-237.0,-3224.0
147990,261.0,-845.0,4118.0,-1612.0,2954.0,-15.0,1409.0,-237.0,-3224.0
148240,261.0,-845.0,4118.0,2045.0,884.0,3363.0,1409.0,-237.0,-3224.0
148490,388.0,-821.0,3699.0,-235.0,3260.0,430.0,1409.0,-237.0,-3224.0
148740,306.0,75.0,3931.0,704.0,443.0,-48.0,1409.0,-237.0,-3224.0
148990,306.0,75.0,3931.0,332.0,-29.0,-22.0,1409.0,-237.0,-3224.0
149240,505.0,-30.0,3953.0,341.0,-178.0,-31.0,1409.0,-237.0,-3224.0
149490,506.0,-35.0,3960.0,328.0,-170.0,-28.0,1545.0,255.0,-3083.0
149740,508.0,-38.0,3957.0,319.0,-183.0,-33.0,1545.0,255.0,-3083.0
149990,511.0,-30.0,3954.0,328.0,-162.0,-37.0,1545.0,255.0,-3083.0
150240,511.0,-30.0,3954.0,331.0,-164.0,-30.0,1545.0,255.0,-3083.0
150490,511.0,-31.0,3952.0,322.0,-173.0,-20.0,1545.0,255.0,-3083.0
150740,507.0,-40.0,3952.0,353.0,-168.0,-21.0,1545.0,255.0,-3083.0
150990,509.0,-36.0,3955.0,335.0,-185.0,-27.0,1545.0,255.0,-3083.0
151240,513.0,-35.0,3948.0,347.0,-188.0,-27.0,1545.0,255.0,-3083.0
151490,513.0,-35.0,3948.0,356.0,-177.0,-22.0,1545.0,255.0,-3083.0
151740,508.0,-27.0,3962.0,344.0,-179.0,-26.0,1545.0,255.0,-3083.0
151990,517.0,-39.0,3962.0,346.0,-180.0,-28.0,1545.0,255.0,-3083.0
152240,517.0,-39.0,3962.0,2130.0,-7714.0,4842.0,1545.0,255.0,-3083.0
152490,984.0,-15.0,5170.0,7207.0,-1459.0,-9305.0,1545.0,255.0,-3083.0
152740,-2038.0,-487.0,4425.0,3769.0,-718.0,-4771.0,983.0,287.0,-3399.0
152990,-2038.0,-487.0,4425.0,3518.0,-5890.0,3025.0,983.0,287.0,-3399.0
153240,-1406.0,-1170.0,3481.0,-280.0,1968.0,2088.0,983.0,287.0,-3399.0
153490,-1406.0,-1170.0,3481.0,-731.0,1673.0,-329.0,983.0,287.0,-3399.0
153740,-1406.0,-1170.0,3481.0,783.0,2755.0,-1104.0,983.0,287.0,-3399.0
153990,5.0,-971.0,4104.0,2363.0,3668.0,2715.0,983.0,287.0,-3399.0
154240,5.0,-971.0,4104.0,-1336.0,3202.0,1960.0,983.0,287.0,-3399.0
154490,1150.0,-400.0,3808.0,-1028.0,1314.0,-2025.0,983.0,287.0,-3399.0
154740,1644.0,-203.0,3557.0,15.0,1286.0,-1269.0,983.0,287.0,-3399.0
154990,1836.0,-235.0,3531.0,622.0,-481.0,711.0,983.0,287.0,-3399.0
155240,1956.0,-234.0,3443.0,544.0,-611.0,61.0,983.0,287.0,-3399.0
155490,1956.0,-234.0,3443.0,2202.0,-6442.0,1792.0,983.0,287.0,-3399.0
155740,673.0,-456.0,3896.0,1504.0,-11582.0,-3988.0,983.0,287.0,-3399.0
155990,-1741.0,-469.0,3597.0,484.0,-5126.0,-2051.0,983.0,287.0,-3399.0
156240,-1988.0,-334.0,3480.0,600.0,674.0,-51.0,983.0,287.0,-3399.0
156490,-1878.0,-449.0,3581.0,388.0,2771.0,29.0,983.0,287.0,-3399.0
156740,-1878.0,-449.0,3581.0,1915.0,13471.0,-2144.0,983.0,287.0,-3399.0
156990,492.0,-699.0,3876.0,-249.0,670.0,202.0,983.0,287.0,-3399.0
157240,1119.0,-545.0,3773.0,168.0,516.0,-72.0,983.0,287.0,-3399.0
157490,1119.0,-545.0,3773.0,806.0,-520.0,1070.0,983.0,287.0,-3399.0
157740,934.0,-552.0,3865.0,880.0,550.0,-99.0,2313.0,-53.0,-3309.0
157990,1475.0,-431.0,3594.0,-101.0,3502.0,-91.0,2313.0,-53.0,-3309.0
158240,1603.0,-396.0,3582.0,-271.0,569.0,-44.0,2313.0,-53.0,-3309.0
158490,1708.0,-405.0,3556.0,462.0,877.0,-316.0,2313.0,-53.0,-3309.0
158740,1615.0,-409.0,3569.0,856.0,-140.0,374.0,2313.0,-53.0,-3309.0
158990,1543.0,-395.0,3594.0,1257.0,-1562.0,88.0,2313.0,-53.0,-3309.0
159240,808.0,-557.0,3828.0,-235.0,-8877.0,1659.0,2313.0,-53.0,-3309.0
159490,-428.0,-286.0,3859.0,-162.0,-5849.0,-222.0,2313.0,-53.0,-3309.0
159740,-1279.0,-164.0,3806.0,44.0,-3257.0,102.0,2313.0,-53.0,-3309.0
159990,-1453.0,-160.0,3790.0,1016.0,212.0,-276.0,2313.0,-53.0,-3309.0
160240,-1509.0,-166.0,3715.0,394.0,-510.0,-45.0,2313.0,-53.0,-3309.0
160490,-1395.0,-420.0,3771.0,3847.0,1922.0,312.0,2313.0,-53.0,-3309.0
160740,-540.0,-1457.0,3730.0,4858.0,6552.0,3516.0,2313.0,-53.0,-3309.0
160990,-283.0,-1574.0,3529.0,3942.0,887.0,-772.0,1171.0,667.0,-3706.0
161240,-283.0,-1574.0,3529.0,2375.0,1260.0,-906.0,1171.0,667.0,-3706.0
161490,82.0,-2477.0,3159.0,-941.0,-744.0,364.0,1171.0,667.0,-3706.0
161740,-350.0,-1199.0,3768.0,-10393.0,-9736.0,2964.0,1171.0,667.0,-3706.0
161990,-350.0,-1199.0,3768.0,-10111.0,207.0,-2803.0,1171.0,667.0,-3706.0
162240,-804.0,1487.0,3744.0,-5486.0,544.0,-3252.0,1171.0,667.0,-3706.0
162490,-320.0,2360.0,3222.0,-1317.0,441.0,-1021.0,1171.0,667.0,-3706.0
162740,-320.0,2360.0,3222.0,-596.0,-295.0,597.0,1171.0,667.0,-3706.0
162990,-298.0,2673.0,3005.0,2354.0,-288.0,229.0,1171.0,667.0,-3706.0
163240,-298.0,2673.0,3005.0,4654.0,380.0,-274.0,1171.0,667.0,-3706.0
163490,-253.0,1871.0,3598.0,6155.0,-517.0,-297.0,1171.0,667.0,-3706.0
163740,-571.0,827.0,3858.0,6558.0,-3839.0,-237.0,1171.0,667.0,-3706.0
163990,-864.0,467.0,3784.0,8736.0,-504.0,1458.0,1171.0,667.0,-3706.0
164240,-955.0,-955.0,3775.0,5394.0,2211.0,763.0,883.0,3.0,-3487.0
164490,-955.0,-955.0,3775.0,4259.0,594.0,-112.0,883.0,3.0,-3487.0
164740,-496.0,-2274.0,3336.0,1656.0,612.0,32.0,883.0,3.0,-3487.0
164990,-134.0,-2290.0,3298.0,-7902.0,3090.0,4511.0,883.0,3.0,-3487.0
165240,-134.0,-2290.0,3298.0,-3057.0,8522.0,1972.0,883.0,3.0,-3487.0
165490,1805.0,-1051.0,3359.0,-494.0,4173.0,-262.0,883.0,3.0,-3487.0
165740,2108.0,-1098.0,3184.0,-400.0,1861.0,-112.0,2719.0,385.0,-3217.0
165990,2277.0,-1051.0,3096.0,-65.0,909.0,-28.0,2719.0,385.0,-3217.0
166240,2247.0,-1005.0,3077.0,270.0,-72.0,-43.0,2719.0,385.0,-3217.0
166490,1525.0,-1132.0,3521.0,4006.0,-16546.0,22.0,2719.0,385.0,-3217.0
166740,-655.0,-910.0,3736.0,-1810.0,-10520.0,-2886.0,2719.0,385.0,-3217.0
166990,-1338.0,-679.0,3729.0,-612.0,-3541.0,-1700.0,2719.0,385.0,-3217.0
167240,-1665.0,-674.0,3557.0,506.0,855.0,-931.0,2719.0,385.0,-3217.0
167490,-1525.0,-630.0,3656.0,2375.0,7203.0,-550.0,2719.0,385.0,-3217.0
167740,-1072.0,-768.0,3756.0,1406.0,7193.0,-323.0,2719.0,385.0,-3217.0
167990,706.0,-1102.0,3787.0,476.0,3220.0,-644.0,2719.0,385.0,-3217.0
168240,706.0,-1102.0,3787.0,977.0,3513.0,261.0,2719.0,385.0,-3217.0
168490,1309.0,-1280.0,3678.0,466.0,-717.0,469.0,2719.0,385.0,-3217.0
168740,1389.0,-1331.0,3423.0,907.0,2100.0,-564.0,2719.0,385.0,-3217.0
168990,1640.0,-1403.0,3329.0,229.0,233.0,-79.0,2631.0,483.0,-3294.0
169240,1600.0,-1350.0,3356.0,338.0,-58.0,-69.0,2631.0,483.0,-3294.0
169490,832.0,-1258.0,3664.0,-780.0,-16531.0,3919.0,2631.0,483.0,-3294.0
169740,-737.0,-1000.0,3708.0,111.0,-5426.0,-2032.0,2631.0,483.0,-3294.0
169990,-1105.0,-899.0,3695.0,-1115.0,-2147.0,-616.0,2631.0,483.0,-3294.0
170240,-1409.0,-698.0,3621.0,-273.0,-2667.0,-1006.0,2631.0,483.0,-3294.0
170490,-1696.0,-536.0,3636.0,-436.0,-1352.0,-679.0,2631.0,483.0,-3294.0
170740,-1713.0,-610.0,3640.0,1683.0,3157.0,-14.0,2631.0,483.0,-3294.0
170990,-1713.0,-610.0,3640.0,768.0,7436.0,-1186.0,2631.0,483.0,-3294.0
171240,-32.0,-868.0,3976.0,901.0,7409.0,-1722.0,2631.0,483.0,-3294.0
171490,995.0,-974.0,3694.0,586.0,2414.0,-924.0,2631.0,483.0,-3294.0
171740,1234.0,-994.0,3680.0,1122.0,3802.0,-1489.0,2631.0,483.0,-3294.0
171990,1845.0,-1150.0,3448.0,271.0,5597.0,-1750.0,2631.0,483.0,-3294.0
172240,2241.0,-1212.0,3069.0,739.0,612.0,265.0,3301.0,497.0,-2847.0
172490,2186.0,-1117.0,3113.0,-249.0,-2983.0,1277.0,3301.0,497.0,-2847.0
172740,-363.0,-501.0,3830.0,-2688.0,-16044.0,2377.0,3301.0,497.0,-2847.0
172990,-1026.0,-339.0,3967.0,1725.0,-5653.0,-597.0,3301.0,497.0,-2847.0
173240,-1696.0,-576.0,3784.0,459.0,-1164.0,-738.0,3301.0,497.0,-2847.0
173490,-2150.0,-347.0,3423.0,241.0,-5593.0,703.0,3301.0,497.0,-2847.0
173740,-2196.0,-433.0,3424.0,2153.0,1139.0,2853.0,3301.0,497.0,-2847.0
173990,-1519.0,-1014.0,3761.0,3372.0,13211.0,1969.0,295.0,57.0,-3270.0
174240,-1519.0,-1014.0,3761.0,645.0,3927.0,-614.0,295.0,57.0,-3270.0
174490,435.0,-1325.0,3703.0,110.0,-88.0,779.0,295.0,57.0,-3270.0
174740,433.0,-1221.0,3732.0,1199.0,-1392.0,-65.0,295.0,57.0,-3270.0
174990,296.0,-1274.0,3690.0,4624.0,3727.0,-684.0,295.0,57.0,-3270.0
175240,423.0,-1898.0,3417.0,5624.0,197.0,-992.0,295.0,57.0,-3270.0
175490,423.0,-1898.0,3417.0,336.0,-155.0,509.0,295.0,57.0,-3270.0
175740,440.0,-2265.0,3355.0,-7565.0,-641.0,-956.0,295.0,57.0,-3270.0
175990,187.0,-647.0,3971.0,-6505.0,-4528.0,6431.0,295.0,57.0,-3270.0
176240,-164.0,-270.0,3874.0,-10633.0,1265.0,-1648.0,295.0,57.0,-3270.0
176490,-164.0,-270.0,3874.0,216.0,-1146.0,-418.0,295.0,57.0,-3270.0
176740,-164.0,-270.0,3874.0,-3420.0,1267.0,-42.0,295.0,57.0,-3270.0
176990,102.0,2509.0,3032.0,-2733.0,309.0,-956.0,295.0,57.0,-3270.0
177240,424.0,3099.0,2598.0,-2.0,-465.0,-2279.0,1657.0,-1335.0,-1637.0
177490,424.0,3099.0,2598.0,601.0,-185.0,-652.0,1657.0,-1335.0,-1637.0
177740,553.0,3134.0,2494.0,2654.0,1221.0,-696.0,1657.0,-1335.0,-1637.0
177990,727.0,2565.0,2815.0,3515.0,92.0,-1521.0,1657.0,-1335.0,-1637.0
178240,727.0,2565.0,2815.0,2761.0,-1789.0,941.0,1657.0,-1335.0,-1637.0
178490,840.0,2257.0,3283.0,1870.0,197.0,-895.0,1657.0,-1335.0,-1637.0
178740,940.0,1956.0,3041.0,-538.0,-389.0,-35.0,1657.0,-1335.0,-1637.0
178990,783.0,1486.0,3645.0,6259.0,-4423.0,1683.0,1657.0,-1335.0,-1637.0
179240,203.0,987.0,3803.0,2296.0,-1610.0,1973.0,1657.0,-1335.0,-1637.0
179490,-64.0,389.0,3957.0,6714.0,-923.0,2214.0,1657.0,-1335.0,-1637.0
179740,54.0,-132.0,4126.0,3131.0,658.0,-819.0,1657.0,-1335.0,-1637.0
179990,-16.0,-117.0,4016.0,-604.0,-1364.0,-1623.0,1657.0,-1335.0,-1637.0
180240,33.0,-311.0,4004.0,1815.0,213.0,163.0,1657.0,-1335.0,-1637.0
180490,54.0,-246.0,3968.0,1049.0,3320.0,3269.0,1703.0,-119.0,-3445.0
180740,304.0,-455.0,3905.0,1344.0,4329.0,-118.0,1703.0,-119.0,-3445.0
180990,1447.0,-991.0,3596.0,2962.0,3280.0,-403.0,1703.0,-119.0,-3445.0
181240,1447.0,-991.0,3596.0,606.0,1671.0,-35.0,1703.0,-119.0,-3445.0
181490,1979.0,-1164.0,3224.0,-686.0,-547.0,328.0,1703.0,-119.0,-3445.0
181740,1727.0,-814.0,3508.0,-4360.0,-11401.0,304.0,1703.0,-119.0,-3445.0
181990,1727.0,-814.0,3508.0,-2341.0,-9476.0,413.0,1703.0,-119.0,-3445.0
182240,-715.0,-4.0,3966.0,-817.0,-5960.0,164.0,1703.0,-119.0,-3445.0
182490,-1603.0,216.0,3730.0,-200.0,-3896.0,-600.0,1703.0,-119.0,-3445.0
182740,-1603.0,216.0,3730.0,437.0,152.0,-285.0,1703.0,-119.0,-3445.0
182990,-1247.0,217.0,3897.0,1999.0,7266.0,-1272.0,1703.0,-119.0,-3445.0
183240,-1247.0,217.0,3897.0,3808.0,4679.0,-448.0,1703.0,-119.0,-3445.0
183490,294.0,-620.0,3944.0,-94.0,6.0,-642.0,1703.0,-119.0,-3445.0
183740,378.0,-707.0,3836.0,3518.0,5728.0,2050.0,1883.0,133.0,-3424.0
183990,776.0,-983.0,3742.0,1590.0,4392.0,-557.0,1883.0,133.0,-3424.0
184240,1607.0,-1100.0,3405.0,939.0,2003.0,-382.0,1883.0,133.0,-3424.0
184490,1607.0,-1100.0,3405.0,484.0,-148.0,60.0,1883.0,133.0,-3424.0
184740,2236.0,-1365.0,2935.0,-160.0,-1033.0,913.0,1883.0,133.0,-3424.0
184990,2179.0,-1138.0,3111.0,-1223.0,-2283.0,1243.0,1883.0,133.0,-3424.0
185240,823.0,-457.0,3688.0,-4404.0,-18066.0,2910.0,2581.0,167.0,-3208.0
185490,-363.0,-40.0,3937.0,-1412.0,-7103.0,757.0,2581.0,167.0,-3208.0
185740,-1187.0,194.0,3920.0,-188.0,-2844.0,324.0,2581.0,167.0,-3208.0
185990,-1709.0,133.0,3595.0,2756.0,-2156.0,1372.0,2581.0,167.0,-3208.0
186240,-1327.0,-642.0,3771.0,8901.0,4509.0,375.0,2581.0,167.0,-3208.0
186490,-974.0,-1607.0,3560.0,3462.0,1931.0,1770.0,2581.0,167.0,-3208.0
186740,-964.0,-2021.0,3296.0,1336.0,-1286.0,3.0,2581.0,167.0,-3208.0
186990,-938.0,-2066.0,3322.0,372.0,1.0,64.0,2581.0,167.0,-3208.0
187240,-938.0,-2066.0,3322.0,-2603.0,-96.0,442.0,2581.0,167.0,-3208.0
187490,-747.0,-929.0,3895.0,-9628.0,2981.0,1365.0,2581.0,167.0,-3208.0
187740,-419.0,-181.0,4177.0,-4039.0,3445.0,-3523.0,2581.0,167.0,-3208.0
187990,402.0,1161.0,3861.0,-6303.0,2610.0,-2363.0,2581.0,167.0,-3208.0
188240,961.0,1981.0,3344.0,-1405.0,640.0,-940.0,2581.0,167.0,-3208.0
188490,1523.0,2802.0,2557.0,-5691.0,2135.0,-1036.0,2193.0,-1177.0,-1788.0
188740,1527.0,2915.0,2383.0,2294.0,-1367.0,1378.0,2193.0,-1177.0,-1788.0
188990,1176.0,2427.0,2651.0,755.0,-1951.0,-822.0,2193.0,-1177.0,-1788.0
189240,790.0,1999.0,3353.0,6418.0,-3249.0,1416.0,2193.0,-1177.0,-1788.0
189490,5.0,803.0,3978.0,6742.0,-5164.0,3795.0,2193.0,-1177.0,-1788.0
189740,-71.0,-253.0,4020.0,6000.0,1457.0,-2948.0,2193.0,-1177.0,-1788.0
189990,339.0,-366.0,3918.0,-2211.0,5575.0,-403.0,2193.0,-1177.0,-1788.0
190240,1155.0,-517.0,3827.0,1815.0,4993.0,20.0,2193.0,-1177.0,-1788.0
190490,1155.0,-517.0,3827.0,1294.0,3257.0,-362.0,2193.0,-1177.0,-1788.0
190740,1791.0,-718.0,3429.0,-462.0,-2159.0,680.0,2193.0,-1177.0,-1788.0
190990,915.0,-155.0,3887.0,-5387.0,-9604.0,1793.0,2193.0,-1177.0,-1788.0
191240,389.0,248.0,3978.0,-2789.0,-6526.0,522.0,2193.0,-1177.0,-1788.0
191490,-581.0,700.0,3963.0,-1476.0,-5728.0,1171.0,2193.0,-1177.0,-1788.0
191740,-581.0,700.0,3963.0,-456.0,-4899.0,221.0,849.0,-673.0,-2890.0
191990,-1845.0,1130.0,3418.0,-650.0,-3052.0,-102.0,849.0,-673.0,-2890.0
192240,-2120.0,1263.0,3173.0,-122.0,-1173.0,406.0,849.0,-673.0,-2890.0
192490,-2179.0,1233.0,3168.0,1034.0,869.0,126.0,849.0,-673.0,-2890.0
192740,-2179.0,1233.0,3168.0,4766.0,14203.0,-1101.0,849.0,-673.0,-2890.0
192990,-2179.0,1233.0,3168.0,3581.0,6462.0,-1208.0,849.0,-673.0,-2890.0
193240,463.0,158.0,3997.0,2265.0,3841.0,-501.0,849.0,-673.0,-2890.0
193490,1617.0,-485.0,3569.0,1121.0,5240.0,-917.0,849.0,-673.0,-2890.0
193740,1920.0,-635.0,3403.0,536.0,46.0,249.0,849.0,-673.0,-2890.0
193990,1897.0,-550.0,3450.0,-650.0,-1828.0,160.0,849.0,-673.0,-2890.0
194240,783.0,210.0,3863.0,-7273.0,-11506.0,2443.0,849.0,-673.0,-2890.0
194490,-405.0,613.0,3950.0,-480.0,-3971.0,53.0,849.0,-673.0,-2890.0
194740,-872.0,800.0,3829.0,-154.0,-964.0,-43.0,849.0,-673.0,-2890.0
194990,-879.0,751.0,3833.0,1506.0,2737.0,-167.0,849.0,-673.0,-2890.0
195240,-575.0,554.0,3964.0,2330.0,2583.0,10.0,849.0,-673.0,-2890.0
195490,-347.0,112.0,3980.0,1068.0,-240.0,120.0,849.0,-673.0,-2890.0
195740,-347.0,112.0,3980.0,1981.0,2098.0,-2428.0,849.0,-673.0,-2890.0
195990,-134.0,163.0,4034.0,1854.0,594.0,-2194.0,849.0,-673.0,-2890.0
196240,383.0,70.0,3918.0,1710.0,1476.0,890.0,849.0,-673.0,-2890.0
196490,287.0,-196.0,3974.0,338.0,-246.0,22.0,849.0,-673.0,-2890.0
196740,381.0,-137.0,3986.0,1142.0,-25.0,2204.0,1805.0,-201.0,-3321.0
196990,381.0,-137.0,3986.0,32.0,-739.0,385.0,1805.0,-201.0,-3321.0
197240,197.0,-156.0,3987.0,569.0,-607.0,321.0,1805.0,-201.0,-3321.0
197490,129.0,-176.0,3945.0,534.0,123.0,471.0,1805.0,-201.0,-3321.0
197740,198.0,-187.0,3928.0,338.0,170.0,277.0,1805.0,-201.0,-3321.0
197990,285.0,-200.0,3966.0,596.0,276.0,511.0,1805.0,-201.0,-3321.0
198240,285.0,-200.0,3966.0,461.0,4.0,242.0,1805.0,-201.0,-3321.0
198490,325.0,-196.0,3933.0,793.0,63.0,556.0,1805.0,-201.0,-3321.0
198740,616.0,-354.0,3950.0,103.0,3401.0,1002.0,1805.0,-201.0,-3321.0
198990,616.0,-354.0,3950.0,114.0,4856.0,1357.0,1805.0,-201.0,-3321.0
199240,1440.0,-197.0,3589.0,153.0,1714.0,1104.0,1805.0,-201.0,-3321.0
199490,1440.0,-197.0,3589.0,-1580.0,4191.0,920.0,1805.0,-201.0,-3321.0
199740,1440.0,-197.0,3589.0,-633.0,740.0,-493.0,2475.0,-213.0,-3091.0
199990,2670.0,53.0,2997.0,397.0,910.0,-661.0,2475.0,-213.0,-3091.0
200240,2771.0,28.0,2871.0,273.0,347.0,-31.0,2475.0,-213.0,-3091.0
200490,2793.0,66.0,2810.0,191.0,552.0,-64.0,2475.0,-213.0,-3091.0
200740,2882.0,76.0,2689.0,320.0,1510.0,37.0,2475.0,-213.0,-3091.0
200990,3006.0,54.0,2511.0,223.0,1023.0,95.0,2475.0,-213.0,-3091.0
201240,3121.0,92.0,2463.0,334.0,200.0,-67.0,2475.0,-213.0,-3091.0
201490,3125.0,103.0,2391.0,237.0,223.0,-192.0,2475.0,-213.0,-3091.0
201740,3206.0,129.0,2276.0,351.0,-306.0,-104.0,2475.0,-213.0,-3091.0
201990,3245.0,89.0,2282.0,396.0,-179.0,26.0,2475.0,-213.0,-3091.0
202240,3160.0,96.0,2397.0,800.0,-2919.0,-34.0,2475.0,-213.0,-3091.0
202490,2999.0,73.0,2562.0,324.0,-1299.0,62.0,2475.0,-213.0,-3091.0
202740,2449.0,-110.0,3193.0,1409.0,-5643.0,-762.0,2475.0,-213.0,-3091.0
202990,1627.0,-142.0,3601.0,597.0,-2846.0,2059.0,2015.0,-115.0,-3292.0
203240,1146.0,21.0,3961.0,193.0,-4658.0,508.0,2015.0,-115.0,-3292.0
203490,1146.0,21.0,3961.0,989.0,-4746.0,347.0,2015.0,-115.0,-3292.0
203740,235.0,-62.0,3962.0,368.0,-1877.0,85.0,2015.0,-115.0,-3292.0
203990,-518.0,-61.0,4081.0,565.0,-4214.0,-915.0,2015.0,-115.0,-3292.0
204240,-518.0,-61.0,4081.0,306.0,-1283.0,36.0,2015.0,-115.0,-3292.0
204490,-937.0,-20.0,3967.0,377.0,-1146.0,-40.0,2015.0,-115.0,-3292.0
204740,-1396.0,-56.0,3821.0,741.0,-471.0,89.0,505.0,-147.0,-3184.0
204990,-1396.0,-56.0,3821.0,679.0,-1780.0,-82.0,505.0,-147.0,-3184.0
205240,-1924.0,-116.0,3549.0,324.0,-4934.0,-1124.0,505.0,-147.0,-3184.0
205490,-1924.0,-116.0,3549.0,400.0,-704.0,-24.0,505.0,-147.0,-3184.0
205740,-2267.0,-88.0,3364.0,444.0,586.0,-48.0,505.0,-147.0,-3184.0
205990,-2236.0,-66.0,3346.0,420.0,462.0,27.0,505.0,-147.0,-3184.0
206240,-2259.0,-49.0,3497.0,508.0,-1538.0,32.0,505.0,-147.0,-3184.0
206490,-2433.0,-86.0,3206.0,325.0,-798.0,-168.0,505.0,-147.0,-3184.0
206740,-2531.0,-103.0,3206.0,136.0,-1246.0,-33.0,505.0,-147.0,-3184.0
206990,-2630.0,-80.0,3102.0,315.0,-899.0,-73.0,505.0,-147.0,-3184.0
207240,-2753.0,-70.0,3046.0,245.0,-881.0,-126.0,505.0,-147.0,-3184.0
207490,-2771.0,-58.0,3036.0,478.0,1269.0,-155.0,505.0,-147.0,-3184.0
207740,-2555.0,-35.0,3226.0,302.0,121.0,-34.0,505.0,-147.0,-3184.0
207990,-2364.0,-22.0,3323.0,292.0,2975.0,259.0,-83.0,-251.0,-2830.0
208240,-1699.0,9.0,3688.0,1.0,3280.0,-641.0,-83.0,-251.0,-2830.0
208490,-1085.0,25.0,3857.0,94.0,6954.0,1127.0,-83.0,-251.0,-2830.0
208740,59.0,-89.0,4004.0,325.0,4054.0,642.0,-83.0,-251.0,-2830.0
208990,691.0,-59.0,3948.0,720.0,2425.0,394.0,-83.0,-251.0,-2830.0
209240,1066.0,-42.0,3806.0,313.0,3203.0,66.0,-83.0,-251.0,-2830.0
209490,1658.0,-62.0,3646.0,163.0,4418.0,18.0,-83.0,-251.0,-2830.0
209740,2086.0,-18.0,3403.0,9.0,4313.0,37.0,-83.0,-251.0,-2830.0
209990,2086.0,-18.0,3403.0,-6.0,2961.0,-1132.0,-83.0,-251.0,-2830.0
210240,2856.0,-85.0,2730.0,-179.0,2389.0,-1365.0,-83.0,-251.0,-2830.0
210490,3198.0,-211.0,2359.0,-69.0,448.0,156.0,-83.0,-251.0,-2830.0
210740,3138.0,-131.0,2365.0,216.0,133.0,-6.0,-83.0,-251.0,-2830.0
210990,3261.0,-142.0,2307.0,296.0,-972.0,-9.0,-83.0,-251.0,-2830.0
211240,3235.0,-137.0,2259.0,263.0,46.0,-162.0,3183.0,-87.0,-2501.0
211490,3178.0,-135.0,2458.0,763.0,-4556.0,-28.0,3183.0,-87.0,-2501.0
211740,2395.0,-242.0,3128.0,326.0,-3259.0,467.0,3183.0,-87.0,-2501.0
211990,2074.0,-183.0,3385.0,268.0,-3029.0,67.0,3183.0,-87.0,-2501.0
212240,1499.0,-94.0,3609.0,145.0,-3749.0,477.0,3183.0,-87.0,-2501.0
212490,1042.0,-147.0,3759.0,824.0,-3023.0,239.0,3183.0,-87.0,-2501.0
212740,443.0,-195.0,3961.0,411.0,-6243.0,-957.0,3183.0,-87.0,-2501.0
212990,-161.0,-204.0,3932.0,404.0,-2412.0,-685.0,3183.0,-87.0,-2501.0
213240,-161.0,-204.0,3932.0,466.0,-3145.0,-739.0,3183.0,-87.0,-2501.0
213490,-908.0,-185.0,3935.0,594.0,-2069.0,-578.0,3183.0,-87.0,-2501.0
213740,-1467.0,-119.0,3765.0,105.0,-2075.0,-194.0,3183.0,-87.0,-2501.0
213990,-1467.0,-119.0,3765.0,149.0,-1907.0,-131.0,3183.0,-87.0,-2501.0
214240,-1810.0,-97.0,3614.0,449.0,407.0,-81.0,3183.0,-87.0,-2501.0
214490,-1810.0,-97.0,3614.0,316.0,117.0,71.0,363.0,-217.0,-3064.0
214740,-1757.0,-113.0,3568.0,302.0,-693.0,211.0,363.0,-217.0,-3064.0
214990,-2080.0,-175.0,3395.0,247.0,-2650.0,113.0,363.0,-217.0,-3064.0
215240,-2272.0,-162.0,3258.0,323.0,317.0,-280.0,363.0,-217.0,-3064.0
215490,-2440.0,-88.0,3290.0,717.0,2212.0,-129.0,363.0,-217.0,-3064.0
215740,-2440.0,-88.0,3290.0,974.0,3643.0,-317.0,363.0,-217.0,-3064.0
215990,-2047.0,-153.0,3456.0,967.0,7277.0,543.0,685.0,-59.0,-3288.0
216240,-359.0,-355.0,4042.0,522.0,3208.0,629.0,685.0,-59.0,-3288.0
216490,-359.0,-355.0,4042.0,631.0,4810.0,-421.0,685.0,-59.0,-3288.0
216740,404.0,-429.0,3984.0,587.0,4844.0,-429.0,685.0,-59.0,-3288.0
216990,1577.0,-503.0,3639.0,537.0,3288.0,176.0,685.0,-59.0,-3288.0
217240,1577.0,-503.0,3639.0,378.0,1548.0,81.0,685.0,-59.0,-3288.0
217490,2092.0,-474.0,3341.0,46.0,2059.0,380.0,685.0,-59.0,-3288.0
217740,2610.0,-464.0,2945.0,451.0,2271.0,30.0,685.0,-59.0,-3288.0
217990,2726.0,-462.0,2750.0,165.0,1728.0,-187.0,685.0,-59.0,-3288.0
218240,2929.0,-414.0,2768.0,-239.0,456.0,-381.0,685.0,-59.0,-3288.0
218490,2970.0,-453.0,2576.0,176.0,1797.0,-220.0,685.0,-59.0,-3288.0
218740,3169.0,-416.0,2373.0,186.0,962.0,-32.0,685.0,-59.0,-3288.0
218990,3354.0,-461.0,2144.0,259.0,2041.0,-481.0,685.0,-59.0,-3288.0
219240,3398.0,-536.0,1985.0,405.0,-730.0,-19.0,3451.0,87.0,-2429.0
219490,3427.0,-516.0,2008.0,274.0,-673.0,64.0,3451.0,87.0,-2429.0
219740,3005.0,-501.0,2492.0,124.0,-3901.0,-27.0,3451.0,87.0,-2429.0
219990,2457.0,-471.0,3264.0,351.0,-8240.0,-134.0,3451.0,87.0,-2429.0
220240,1452.0,-516.0,3682.0,397.0,-5708.0,278.0,3451.0,87.0,-2429.0
220490,528.0,-623.0,3860.0,710.0,-6647.0,-283.0,3451.0,87.0,-2429.0
220740,-332.0,-623.0,3934.0,-131.0,-4486.0,-327.0,3451.0,87.0,-2429.0
220990,-537.0,-620.0,3834.0,-878.0,-3994.0,-395.0,3451.0,87.0,-2429.0
221240,-1097.0,-369.0,3815.0,-195.0,-2925.0,-138.0,3451.0,87.0,-2429.0
221490,-1946.0,-135.0,3524.0,-248.0,-1698.0,44.0,3451.0,87.0,-2429.0
221740,-1946.0,-135.0,3524.0,468.0,773.0,-15.0,3451.0,87.0,-2429.0
221990,-2023.0,-126.0,3504.0,201.0,-408.0,207.0,3451.0,87.0,-2429.0
222240,-2018.0,-118.0,3486.0,776.0,1745.0,-256.0,3451.0,87.0,-2429.0
222490,-2018.0,-118.0,3486.0,1301.0,9804.0,3892.0,665.0,-19.0,-3399.0
222740,-7.0,-322.0,4509.0,1681.0,-206.0,-1474.0,665.0,-19.0,-3399.0
222990,79.0,-590.0,3981.0,399.0,1837.0,-402.0,665.0,-19.0,-3399.0
223240,216.0,-613.0,3957.0,202.0,-373.0,-831.0,665.0,-19.0,-3399.0
223490,152.0,-799.0,3944.0,5462.0,-181.0,-744.0,665.0,-19.0,-3399.0
223740,152.0,-799.0,3944.0,4512.0,2076.0,114.0,665.0,-19.0,-3399.0
223990,401.0,-1911.0,3507.0,3066.0,712.0,-307.0,665.0,-19.0,-3399.0
224240,560.0,-2495.0,3047.0,2626.0,237.0,420.0,665.0,-19.0,-3399.0
224490,586.0,-2546.0,2995.0,-2812.0,127.0,728.0,665.0,-19.0,-3399.0
224740,853.0,-778.0,3804.0,-9082.0,-1200.0,2197.0,665.0,-19.0,-3399.0
224990,853.0,-778.0,3804.0,-5590.0,-395.0,376.0,665.0,-19.0,-3399.0
225240,853.0,-778.0,3804.0,-2953.0,-1254.0,-133.0,665.0,-19.0,-3399.0
225490,853.0,-778.0,3804.0,-6826.0,12.0,-1298.0,665.0,-19.0,-3399.0
225740,853.0,-778.0,3804.0,-9196.0,-570.0,-507.0,1681.0,-1209.0,-1927.0
225990,752.0,3062.0,2501.0,-1422.0,-71.0,-2015.0,1681.0,-1209.0,-1927.0
226240,752.0,3062.0,2501.0,-744.0,-14.0,-94.0,1681.0,-1209.0,-1927.0
226490,905.0,3213.0,2291.0,77.0,149.0,148.0,1681.0,-1209.0,-1927.0
226740,908.0,3177.0,2290.0,1829.0,-226.0,-318.0,1681.0,-1209.0,-1927.0
226990,908.0,3177.0,2290.0,1597.0,-457.0,-9.0,1681.0,-1209.0,-1927.0
227240,682.0,2897.0,2622.0,-157.0,-1573.0,2080.0,1681.0,-1209.0,-1927.0
227490,277.0,2729.0,2860.0,1417.0,-2829.0,-103.0,1681.0,-1209.0,-1927.0
227740,206.0,2582.0,2985.0,5177.0,-2806.0,-1888.0,1681.0,-1209.0,-1927.0
227990,176.0,1824.0,3604.0,1301.0,186.0,468.0,1681.0,-1209.0,-1927.0
228240,176.0,1824.0,3604.0,-2456.0,-3802.0,1278.0,1681.0,-1209.0,-1927.0
228490,-439.0,1947.0,3468.0,4130.0,3162.0,651.0,1681.0,-1209.0,-1927.0
228740,-439.0,1947.0,3468.0,2662.0,-662.0,282.0,1681.0,-1209.0,-1927.0
228990,-138.0,860.0,4077.0,-852.0,-3145.0,450.0,1353.0,-773.0,-2981.0
229240,49.0,1247.0,3967.0,-721.0,10449.0,-788.0,1353.0,-773.0,-2981.0
229490,49.0,1247.0,3967.0,6071.0,-2375.0,-2164.0,1353.0,-773.0,-2981.0
229740,58.0,185.0,3905.0,4696.0,274.0,-10.0,1353.0,-773.0,-2981.0
229990,120.0,-829.0,3872.0,1384.0,-481.0,1019.0,1353.0,-773.0,-2981.0
230240,120.0,-829.0,3872.0,1354.0,575.0,-625.0,1353.0,-773.0,-2981.0
230490,224.0,-872.0,3421.0,5725.0,-1290.0,-1480.0,1353.0,-773.0,-2981.0
230740,115.0,-1268.0,3774.0,4521.0,582.0,410.0,1629.0,415.0,-3652.0
230990,115.0,-1268.0,3774.0,5370.0,-372.0,1578.0,1629.0,415.0,-3652.0
231240,322.0,-2301.0,3254.0,4146.0,-383.0,-88.0,1629.0,415.0,-3652.0
231490,322.0,-2301.0,3254.0,2170.0,-154.0,-256.0,1629.0,415.0,-3652.0
231740,337.0,-2767.0,2873.0,-1838.0,-461.0,752.0,1629.0,415.0,-3652.0
231990,337.0,-2308.0,3449.0,-11258.0,-753.0,303.0,1629.0,415.0,-3652.0
232240,337.0,-2308.0,3449.0,-5756.0,-2463.0,1086.0,1629.0,415.0,-3652.0
232490,198.0,-231.0,3990.0,-3856.0,-1069.0,-378.0,1629.0,415.0,-3652.0
232740,143.0,65.0,4024.0,-7484.0,1595.0,-1268.0,1629.0,415.0,-3652.0
232990,166.0,1126.0,3947.0,-4711.0,609.0,-396.0,1629.0,415.0,-3652.0
233240,311.0,2166.0,3193.0,-3557.0,-170.0,-1024.0,1629.0,415.0,-3652.0
233490,427.0,2458.0,3115.0,-5215.0,-195.0,-186.0,1629.0,415.0,-3652.0
233740,498.0,3209.0,2327.0,-1107.0,-105.0,311.0,1629.0,415.0,-3652.0
233990,498.0,3209.0,2327.0,4208.0,-784.0,-1364.0,1715.0,-1299.0,-1210.0
234240,564.0,2955.0,2536.0,3798.0,-1276.0,55.0,1715.0,-1299.0,-1210.0
234490,481.0,2070.0,3350.0,4384.0,1224.0,3298.0,1715.0,-1299.0,-1210.0
234740,481.0,2070.0,3350.0,8367.0,-1616.0,-1046.0,1715.0,-1299.0,-1210.0
234990,218.0,573.0,3979.0,6973.0,258.0,-280.0,1715.0,-1299.0,-1210.0
235240,317.0,-1493.0,3550.0,8157.0,543.0,-410.0,1715.0,-1299.0,-1210.0
235490,317.0,-1493.0,3550.0,4920.0,960.0,-196.0,1715.0,-1299.0,-1210.0
235740,630.0,-2635.0,2882.0,4966.0,981.0,-490.0,1715.0,-1299.0,-1210.0
235990,820.0,-2808.0,2717.0,-6842.0,1347.0,2029.0,1715.0,-1299.0,-1210.0
236240,921.0,-2205.0,3161.0,-8002.0,866.0,1329.0,1715.0,-1299.0,-1210.0
236490,1051.0,-473.0,3603.0,-10600.0,-871.0,1638.0,1715.0,-1299.0,-1210.0
236740,1051.0,-473.0,3603.0,-5210.0,-609.0,-140.0,1715.0,-1299.0,-1210.0
236990,1089.0,1926.0,3383.0,-4902.0,254.0,122.0,1715.0,-1299.0,-1210.0
237240,1031.0,2892.0,2539.0,-7243.0,188.0,696.0,1923.0,-1171.0,-2081.0
237490,1053.0,3227.0,2298.0,-5635.0,-53.0,1.0,1923.0,-1171.0,-2081.0
237740,1095.0,3704.0,1273.0,3584.0,-176.0,287.0,1923.0,-1171.0,-2081.0
237990,1095.0,3704.0,1273.0,1990.0,-4660.0,936.0,1923.0,-1171.0,-2081.0
238240,659.0,3309.0,2118.0,12945.0,3252.0,2274.0,1923.0,-1171.0,-2081.0
238490,693.0,1798.0,3372.0,8739.0,-319.0,365.0,1923.0,-1171.0,-2081.0
238740,773.0,1289.0,3585.0,3174.0,-1408.0,-1057.0,1923.0,-1171.0,-2081.0
238990,484.0,261.0,3813.0,8220.0,273.0,239.0,1923.0,-1171.0,-2081.0
239240,484.0,261.0,3813.0,4170.0,-615.0,-317.0,1923.0,-1171.0,-2081.0
239490,517.0,-1586.0,3611.0,3647.0,292.0,-656.0,1923.0,-1171.0,-2081.0
239740,628.0,-2848.0,2830.0,5264.0,541.0,-848.0,1923.0,-1171.0,-2081.0
239990,628.0,-2848.0,2830.0,-2507.0,408.0,807.0,1923.0,-1171.0,-2081.0
240240,664.0,-2881.0,2712.0,-7833.0,-1084.0,1572.0,1923.0,-1171.0,-2081.0
240490,575.0,-80.0,3778.0,-16097.0,-2160.0,1593.0,1805.0,1049.0,-3702.0
240740,575.0,-80.0,3778.0,-8446.0,140.0,-1991.0,1805.0,1049.0,-3702.0
240990,620.0,2182.0,3084.0,-5644.0,-506.0,-1014.0,1805.0,1049.0,-3702.0
241240,596.0,3202.0,2184.0,-5704.0,-581.0,688.0,1805.0,1049.0,-3702.0
241490,653.0,3508.0,1915.0,849.0,-65.0,-394.0,1805.0,1049.0,-3702.0
241740,656.0,3374.0,1975.0,2324.0,-5427.0,2332.0,1805.0,1049.0,-3702.0
241990,656.0,3374.0,1975.0,1565.0,-2172.0,2349.0,1805.0,1049.0,-3702.0
242240,222.0,3042.0,2367.0,8567.0,1758.0,2923.0,1805.0,1049.0,-3702.0
242490,222.0,3042.0,2367.0,4305.0,-9421.0,-2585.0,1805.0,1049.0,-3702.0
242740,222.0,3042.0,2367.0,-371.0,2885.0,137.0,1805.0,1049.0,-3702.0
242990,-169.0,1411.0,3663.0,3957.0,-918.0,-367.0,1805.0,1049.0,-3702.0
243240,27.0,341.0,3961.0,6435.0,831.0,728.0,1805.0,1049.0,-3702.0
243490,122.0,99.0,3975.0,4210.0,-5825.0,3524.0,1805.0,1049.0,-3702.0
243740,-177.0,-479.0,4093.0,3448.0,2033.0,1716.0,1485.0,-153.0,-3478.0
243990,-177.0,-479.0,4093.0,6243.0,-570.0,-318.0,1485.0,-153.0,-3478.0
244240,-263.0,-2086.0,3436.0,3220.0,361.0,-423.0,1485.0,-153.0,-3478.0
244490,-263.0,-2086.0,3436.0,1183.0,91.0,18.0,1485.0,-153.0,-3478.0
244740,-216.0,-2379.0,3272.0,-460.0,141.0,240.0,1485.0,-153.0,-3478.0
244990,-236.0,-2285.0,3253.0,2680.0,1847.0,-704.0,1485.0,-153.0,-3478.0
245240,-236.0,-2285.0,3253.0,2493.0,-643.0,-374.0,1399.0,1269.0,-3641.0
245490,-163.0,-2816.0,2880.0,3741.0,79.0,-492.0,1399.0,1269.0,-3641.0
245740,-159.0,-2953.0,2713.0,311.0,-248.0,26.0,1399.0,1269.0,-3641.0
245990,-72.0,-3102.0,2640.0,-7136.0,-308.0,890.0,1399.0,1269.0,-3641.0
246240,5.0,-1761.0,3582.0,-5724.0,-396.0,-856.0,1399.0,1269.0,-3641.0
246490,-18.0,-1347.0,3771.0,-1385.0,-1737.0,1108.0,1399.0,1269.0,-3641.0
246740,-257.0,-522.0,3974.0,-1299.0,88.0,-64.0,1399.0,1269.0,-3641.0
246990,-257.0,-522.0,3974.0,-1769.0,88.0,-41.0,1399.0,1269.0,-3641.0
247240,-132.0,37.0,3996.0,-500.0,113.0,-767.0,1399.0,1269.0,-3641.0
247490,-224.0,719.0,3918.0,-2826.0,-675.0,358.0,1399.0,1269.0,-3641.0
247740,-224.0,719.0,3918.0,-5078.0,-36.0,-1306.0,1399.0,1269.0,-3641.0
247990,110.0,1954.0,3539.0,-3957.0,-86.0,-915.0,1399.0,1269.0,-3641.0
248240,187.0,2824.0,2684.0,-5865.0,175.0,-252.0,1399.0,1269.0,-3641.0
248490,218.0,2956.0,2741.0,-2294.0,105.0,-218.0,1543.0,-1257.0,-1588.0
248740,285.0,3178.0,2478.0,4702.0,-222.0,321.0,1543.0,-1257.0,-1588.0
248990,285.0,3178.0,2478.0,2862.0,-2852.0,-6377.0,1543.0,-1257.0,-1588.0
249240,408.0,2500.0,3052.0,8126.0,-1534.0,2382.0,1543.0,-1257.0,-1588.0
249490,408.0,2500.0,3052.0,5960.0,-5422.0,-34.0,1543.0,-1257.0,-1588.0
249740,-397.0,1589.0,3589.0,-681.0,442.0,679.0,1543.0,-1257.0,-1588.0
249990,110.0,1301.0,3871.0,3869.0,-1106.0,324.0,1543.0,-1257.0,-1588.0
250240,110.0,1301.0,3871.0,5470.0,-805.0,-1072.0,1543.0,-1257.0,-1588.0
250490,-172.0,118.0,4017.0,2038.0,719.0,-127.0,1543.0,-1257.0,-1588.0
250740,1015.0,-139.0,3865.0,-512.0,3421.0,262.0,1543.0,-1257.0,-1588.0
250990,1015.0,-139.0,3865.0,207.0,877.0,513.0,1543.0,-1257.0,-1588.0
251240,1467.0,-158.0,3692.0,693.0,1865.0,-163.0,1543.0,-1257.0,-1588.0
251490,1467.0,-158.0,3692.0,960.0,4355.0,-59.0,1543.0,-1257.0,-1588.0
251740,2240.0,-366.0,3237.0,359.0,-125.0,7.0,2857.0,-29.0,-2906.0
251990,2050.0,-316.0,3465.0,-517.0,-7764.0,1721.0,2857.0,-29.0,-2906.0
252240,705.0,184.0,3966.0,-1903.0,-10799.0,1402.0,2857.0,-29.0,-2906.0
252490,-850.0,436.0,3798.0,-662.0,-8054.0,935.0,2857.0,-29.0,-2906.0
252740,-1686.0,531.0,3646.0,-668.0,-3241.0,253.0,2857.0,-29.0,-2906.0
252990,-2122.0,684.0,3346.0,-560.0,-2802.0,39.0,2857.0,-29.0,-2906.0
253240,-2247.0,750.0,3311.0,129.0,1531.0,-245.0,2857.0,-29.0,-2906.0
253490,-2259.0,770.0,3283.0,1662.0,9621.0,-1225.0,2857.0,-29.0,-2906.0
253740,-775.0,435.0,4026.0,1645.0,5394.0,-135.0,2857.0,-29.0,-2906.0
253990,-775.0,435.0,4026.0,1421.0,5976.0,-1026.0,2857.0,-29.0,-2906.0
254240,861.0,112.0,3846.0,452.0,3111.0,-44.0,2857.0,-29.0,-2906.0
254490,1576.0,-122.0,3570.0,1815.0,6038.0,-1989.0,2857.0,-29.0,-2906.0
254740,1576.0,-122.0,3570.0,478.0,1794.0,154.0,2857.0,-29.0,-2906.0
254990,2234.0,-244.0,3257.0,361.0,265.0,81.0,2751.0,-47.0,-2884.0
255240,2387.0,-238.0,3156.0,436.0,915.0,46.0,2751.0,-47.0,-2884.0
255490,2435.0,-256.0,3131.0,981.0,-1148.0,154.0,2751.0,-47.0,-2884.0
255740,1100.0,-27.0,3784.0,-1861.0,-12676.0,472.0,2751.0,-47.0,-2884.0
255990,-299.0,91.0,3958.0,-95.0,-4689.0,-262.0,2751.0,-47.0,-2884.0
256240,-828.0,152.0,3919.0,102.0,-2258.0,-54.0,2751.0,-47.0,-2884.0
256490,-1399.0,263.0,3769.0,-554.0,-4628.0,634.0,2751.0,-47.0,-2884.0
256740,-1507.0,278.0,3750.0,671.0,911.0,-209.0,2751.0,-47.0,-2884.0
256990,-1756.0,402.0,3614.0,1607.0,4496.0,-609.0,2751.0,-47.0,-2884.0
257240,-1756.0,402.0,3614.0,1135.0,4855.0,-172.0,2751.0,-47.0,-2884.0
257490,518.0,92.0,3861.0,337.0,2933.0,-110.0,2751.0,-47.0,-2884.0
257740,1659.0,-72.0,3537.0,1262.0,5038.0,-1236.0,2751.0,-47.0,-2884.0
257990,1659.0,-72.0,3537.0,885.0,2939.0,-523.0,2751.0,-47.0,-2884.0
258240,2210.0,-231.0,3296.0,669.0,-1732.0,590.0,2783.0,-59.0,-2975.0
258490,1350.0,-167.0,3762.0,-231.0,-12873.0,562.0,2783.0,-59.0,-2975.0
258740,-659.0,73.0,3893.0,210.0,-6248.0,-102.0,2783.0,-59.0,-2975.0
258990,-1353.0,217.0,3812.0,-396.0,-4099.0,369.0,2783.0,-59.0,-2975.0
259240,-1791.0,271.0,3589.0,116.0,-1330.0,1.0,2783.0,-59.0,-2975.0
259490,-1648.0,241.0,3636.0,1435.0,5118.0,-718.0,2783.0,-59.0,-2975.0
259740,363.0,-181.0,4026.0,1302.0,7847.0,-464.0,2783.0,-59.0,-2975.0
259990,363.0,-181.0,4026.0,792.0,-565.0,246.0,2783.0,-59.0,-2975.0
260240,902.0,-210.0,3887.0,2037.0,1388.0,3175.0,2783.0,-59.0,-2975.0
260490,1459.0,-299.0,3703.0,841.0,2962.0,-558.0,2783.0,-59.0,-2975.0
260740,1637.0,-359.0,3555.0,791.0,2604.0,-317.0,2783.0,-59.0,-2975.0
260990,2144.0,-422.0,3336.0,547.0,-1430.0,311.0,2783.0,-59.0,-2975.0
261240,2144.0,-422.0,3336.0,-47.0,-8142.0,1563.0,2783.0,-59.0,-2975.0
261490,813.0,-280.0,3854.0,1284.0,-1003.0,-1410.0,1785.0,-23.0,-3402.0
261740,661.0,-456.0,3813.0,3249.0,-1000.0,-1208.0,1785.0,-23.0,-3402.0
261990,332.0,-575.0,3838.0,10041.0,-1441.0,990.0,1785.0,-23.0,-3402.0
262240,93.0,-2423.0,3217.0,2717.0,-119.0,-308.0,1785.0,-23.0,-3402.0
262490,93.0,-2423.0,3217.0,2380.0,100.0,-200.0,1785.0,-23.0,-3402.0
262740,174.0,-2930.0,2705.0,-1326.0,-242.0,455.0,1785.0,-23.0,-3402.0
262990,360.0,-1607.0,3506.0,-14458.0,941.0,2240.0,1785.0,-23.0,-3402.0
263240,360.0,-1607.0,3506.0,-8644.0,2403.0,954.0,1785.0,-23.0,-3402.0
263490,745.0,1186.0,3744.0,-5771.0,1328.0,-4.0,1785.0,-23.0,-3402.0
263740,990.0,2507.0,2970.0,-5497.0,397.0,-244.0,1785.0,-23.0,-3402.0
263990,990.0,2507.0,2970.0,-2695.0,58.0,-591.0,1785.0,-23.0,-3402.0
264240,1061.0,3184.0,2200.0,-4180.0,-49.0,224.0,1785.0,-23.0,-3402.0
264490,1061.0,3184.0,2200.0,4277.0,-1863.0,653.0,1785.0,-23.0,-3402.0
264740,933.0,2623.0,2702.0,2235.0,-4061.0,1829.0,2033.0,-1279.0,-1715.0
264990,322.0,2118.0,3400.0,4238.0,-4451.0,733.0,2033.0,-1279.0,-1715.0
265240,322.0,2118.0,3400.0,10377.0,-1249.0,-83.0,2033.0,-1279.0,-1715.0
265490,20.0,79.0,4064.0,3482.0,1742.0,3820.0,2033.0,-1279.0,-1715.0
265740,954.0,-182.0,3995.0,3157.0,7887.0,-2251.0,2033.0,-1279.0,-1715.0
265990,1550.0,-637.0,3703.0,522.0,2864.0,31.0,2033.0,-1279.0,-1715.0
266240,1742.0,-607.0,3567.0,-3029.0,-10142.0,4203.0,2033.0,-1279.0,-1715.0
266490,-62.0,234.0,3901.0,-2334.0,-9265.0,669.0,2033.0,-1279.0,-1715.0
266740,-1200.0,280.0,3793.0,160.0,-5090.0,710.0,2033.0,-1279.0,-1715.0
266990,-1574.0,280.0,3669.0,962.0,1300.0,-352.0,2033.0,-1279.0,-1715.0
267240,-277.0,8.0,3936.0,1975.0,16428.0,-1753.0,2033.0,-1279.0,-1715.0
267490,1187.0,-286.0,3712.0,2381.0,3138.0,55.0,2033.0,-1279.0,-1715.0
267740,866.0,91.0,3966.0,1235.0,-8843.0,3258.0,2033.0,-1279.0,-1715.0
267990,470.0,-474.0,3805.0,-3007.0,-10742.0,-903.0,1435.0,-61.0,-3452.0
268240,-1035.0,460.0,3571.0,-3102.0,705.0,-3876.0,1435.0,-61.0,-3452.0
268490,-1035.0,460.0,3571.0,-3984.0,-5567.0,2987.0,1435.0,-61.0,-3452.0
268740,-233.0,325.0,3905.0,-166.0,2814.0,3301.0,1435.0,-61.0,-3452.0
268990,-499.0,830.0,3733.0,-3154.0,-7411.0,2534.0,1435.0,-61.0,-3452.0
269240,-499.0,830.0,3733.0,-793.0,2763.0,-8514.0,1435.0,-61.0,-3452.0
269490,1220.0,1142.0,3567.0,3380.0,4897.0,-7331.0,1435.0,-61.0,-3452.0
269740,1798.0,247.0,3221.0,1279.0,-3968.0,1436.0,1435.0,-61.0,-3452.0
269990,82.0,467.0,4080.0,1614.0,-16846.0,3023.0,1435.0,-61.0,-3452.0
270240,-1341.0,578.0,3954.0,-39.0,-2599.0,-24.0,1435.0,-61.0,-3452.0
270490,-1544.0,513.0,3807.0,-911.0,1665.0,510.0,1435.0,-61.0,-3452.0
270740,-1247.0,604.0,3513.0,-1845.0,12417.0,-3843.0,1435.0,-61.0,-3452.0
270990,1186.0,716.0,3705.0,-35.0,10932.0,-2837.0,1435.0,-61.0,-3452.0
271240,2004.0,591.0,3196.0,1605.0,1625.0,491.0,2591.0,-413.0,-2640.0
271490,1712.0,654.0,3448.0,1147.0,-14857.0,4415.0,2591.0,-413.0,-2640.0
271740,-506.0,531.0,3649.0,1780.0,-8150.0,3353.0,2591.0,-413.0,-2640.0
271990,-1383.0,273.0,3672.0,555.0,-2872.0,131.0,2591.0,-413.0,-2640.0
272240,-1558.0,240.0,3575.0,-239.0,4331.0,327.0,2591.0,-413.0,-2640.0
272490,-153.0,619.0,3989.0,-2681.0,20970.0,-9007.0,2591.0,-413.0,-2640.0
272740,1456.0,928.0,3579.0,-2414.0,10706.0,-2125.0,2591.0,-413.0,-2640.0
272990,2392.0,824.0,3206.0,750.0,-1535.0,40.0,2591.0,-413.0,-2640.0
273240,378.0,935.0,4185.0,2586.0,-17445.0,8926.0,2591.0,-413.0,-2640.0
273490,-1221.0,363.0,3821.0,3357.0,-6583.0,682.0,2591.0,-413.0,-2640.0
273740,-1161.0,351.0,3586.0,3250.0,4205.0,2824.0,2591.0,-413.0,-2640.0
273990,-347.0,-884.0,3815.0,3164.0,2663.0,787.0,2591.0,-413.0,-2640.0
274240,-255.0,-1339.0,3793.0,3036.0,23.0,-134.0,2591.0,-413.0,-2640.0
274490,-205.0,-1533.0,3792.0,441.0,613.0,-641.0,1061.0,795.0,-3501.0
274740,-254.0,-1553.0,3863.0,475.0,-595.0,-58.0,1061.0,795.0,-3501.0
274990,-254.0,-1553.0,3863.0,-403.0,-2427.0,-2391.0,1061.0,795.0,-3501.0
275240,-740.0,-1260.0,4102.0,-12257.0,-555.0,4777.0,1061.0,795.0,-3501.0
275490,5.0,1015.0,4002.0,-5738.0,880.0,3211.0,1061.0,795.0,-3501.0
275740,159.0,1700.0,3724.0,-1393.0,-5725.0,-6062.0,1061.0,795.0,-3501.0
275990,470.0,2274.0,3141.0,-4518.0,-644.0,1534.0,1355.0,-1009.0,-2138.0
276240,470.0,2274.0,3141.0,-2255.0,568.0,293.0,1355.0,-1009.0,-2138.0
276490,293.0,3179.0,2383.0,735.0,-690.0,-1192.0,1355.0,-1009.0,-2138.0
276740,547.0,1211.0,3990.0,17827.0,4997.0,-781.0,1355.0,-1009.0,-2138.0
276990,547.0,1211.0,3990.0,6985.0,-3342.0,22.0,1355.0,-1009.0,-2138.0
277240,449.0,-449.0,3877.0,3180.0,191.0,-83.0,1355.0,-1009.0,-2138.0
277490,520.0,-683.0,4018.0,2161.0,-2183.0,-588.0,1355.0,-1009.0,-2138.0
277740,520.0,-683.0,4018.0,-91.0,-1264.0,-3163.0,1355.0,-1009.0,-2138.0
277990,-113.0,-894.0,3895.0,55.0,733.0,1389.0,1355.0,-1009.0,-2138.0
278240,-113.0,-894.0,3895.0,-3681.0,-1952.0,-144.0,1355.0,-1009.0,-2138.0
278490,341.0,209.0,3606.0,-2229.0,10880.0,634.0,1355.0,-1009.0,-2138.0
278740,2279.0,672.0,3235.0,-1676.0,8020.0,-364.0,1355.0,-1009.0,-2138.0
278990,2648.0,825.0,2790.0,445.0,423.0,-125.0,1355.0,-1009.0,-2138.0
279240,2807.0,721.0,2706.0,1082.0,-5444.0,257.0,2855.0,-453.0,-2383.0
279490,1001.0,597.0,3811.0,1744.0,-11139.0,1163.0,2855.0,-453.0,-2383.0
279740,-23.0,507.0,3993.0,545.0,-3780.0,426.0,2855.0,-453.0,-2383.0
279990,-827.0,348.0,3934.0,1605.0,-5732.0,1211.0,2855.0,-453.0,-2383.0
280240,-1588.0,124.0,3722.0,1581.0,-4131.0,1294.0,2855.0,-453.0,-2383.0
280490,-1986.0,-73.0,3548.0,900.0,-708.0,94.0,2855.0,-453.0,-2383.0
280740,-2049.0,-107.0,3363.0,-229.0,4959.0,-1151.0,2855.0,-453.0,-2383.0
280990,-1768.0,-78.0,3667.0,-2283.0,16327.0,-3419.0,2855.0,-453.0,-2383.0
281240,1133.0,453.0,3848.0,-2140.0,11973.0,-1752.0,2855.0,-453.0,-2383.0
281490,1133.0,453.0,3848.0,-418.0,5338.0,-1104.0,2855.0,-453.0,-2383.0
281740,2362.0,612.0,3135.0,47.0,965.0,325.0,2855.0,-453.0,-2383.0
281990,2840.0,677.0,2747.0,300.0,1270.0,-78.0,2855.0,-453.0,-2383.0
282240,2840.0,677.0,2747.0,1124.0,-9377.0,378.0,2855.0,-453.0,-2383.0
282490,812.0,532.0,3960.0,2476.0,-14153.0,2420.0,1643.0,-283.0,-3042.0
282740,-1193.0,244.0,3807.0,1523.0,-5499.0,77.0,1643.0,-283.0,-3042.0
282990,-1193.0,244.0,3807.0,2023.0,-5225.0,469.0,1643.0,-283.0,-3042.0
283240,-2356.0,-74.0,3265.0,1167.0,-3808.0,1148.0,1643.0,-283.0,-3042.0
283490,-2356.0,-74.0,3265.0,310.0,520.0,54.0,1643.0,-283.0,-3042.0
283740,-2056.0,-80.0,3500.0,-3666.0,22301.0,-1992.0,1643.0,-283.0,-3042.0
283990,1300.0,560.0,3713.0,-2043.0,9972.0,-230.0,1643.0,-283.0,-3042.0
284240,2136.0,819.0,3120.0,-476.0,2412.0,623.0,1643.0,-283.0,-3042.0
284490,2624.0,905.0,2912.0,-194.0,3123.0,130.0,1643.0,-283.0,-3042.0
284740,771.0,629.0,3828.0,3247.0,-17064.0,1756.0,1643.0,-283.0,-3042.0
284990,-1041.0,273.0,3862.0,1772.0,-7791.0,1557.0,1643.0,-283.0,-3042.0
285240,-1638.0,25.0,3744.0,1790.0,-3224.0,232.0,1643.0,-283.0,-3042.0
285490,-1663.0,0.0,3704.0,325.0,-448.0,-91.0,1643.0,-283.0,-3042.0
285740,-414.0,196.0,3902.0,-3220.0,17014.0,-1593.0,1069.0,-229.0,-3183.0
285990,-414.0,196.0,3902.0,-2984.0,10152.0,-218.0,1069.0,-229.0,-3183.0
286240,1980.0,1076.0,3237.0,282.0,2107.0,-693.0,1069.0,-229.0,-3183.0
286490,2473.0,999.0,2930.0,83.0,795.0,-74.0,1069.0,-229.0,-3183.0
286740,2473.0,999.0,2930.0,-144.0,2715.0,155.0,1069.0,-229.0,-3183.0
286990,2258.0,1023.0,3094.0,4325.0,-22116.0,295.0,1069.0,-229.0,-3183.0
287240,-598.0,452.0,3846.0,2373.0,-10031.0,2339.0,1069.0,-229.0,-3183.0
287490,-598.0,452.0,3846.0,1086.0,-2081.0,-98.0,1069.0,-229.0,-3183.0
287740,-1074.0,321.0,3901.0,-342.0,6497.0,-1665.0,1069.0,-229.0,-3183.0
287990,-1074.0,321.0,3901.0,-5977.0,2618.0,2173.0,1069.0,-229.0,-3183.0
288240,449.0,1335.0,3655.0,-1408.0,-871.0,661.0,1069.0,-229.0,-3183.0
288490,310.0,1653.0,3468.0,2998.0,1460.0,-1534.0,1069.0,-229.0,-3183.0
288740,611.0,1298.0,3581.0,5419.0,-5920.0,-3462.0,1069.0,-229.0,-3183.0
288990,166.0,406.0,3932.0,2601.0,-4941.0,-4446.0,1655.0,-421.0,-3130.0
289240,166.0,406.0,3932.0,8431.0,-942.0,-2266.0,1655.0,-421.0,-3130.0
289490,-121.0,-735.0,3829.0,6909.0,482.0,-2226.0,1655.0,-421.0,-3130.0
289740,178.0,-2153.0,3312.0,1459.0,-608.0,166.0,1655.0,-421.0,-3130.0
289990,178.0,-2153.0,3312.0,1826.0,3393.0,1852.0,1655.0,-421.0,-3130.0
290240,1040.0,-2253.0,3108.0,-22458.0,-6684.0,8690.0,1655.0,-421.0,-3130.0
290490,1040.0,-2253.0,3108.0,-5104.0,-2514.0,-1219.0,1655.0,-421.0,-3130.0
290740,1040.0,-2253.0,3108.0,361.0,-190.0,-33.0,1655.0,-421.0,-3130.0
290990,544.0,-84.0,3942.0,346.0,-179.0,-34.0,1655.0,-421.0,-3130.0
291240,544.0,-84.0,3942.0,336.0,-175.0,-34.0,1655.0,-421.0,-3130.0
291490,546.0,-84.0,3954.0,338.0,-182.0,-31.0,1655.0,-421.0,-3130.0
291740,544.0,-82.0,3938.0,340.0,-183.0,-44.0,1655.0,-421.0,-3130.0
291990,551.0,-77.0,3942.0,358.0,-193.0,-32.0,1655.0,-421.0,-3130.0
292240,543.0,-82.0,3950.0,343.0,-191.0,-37.0,1551.0,69.0,-3272.0
292490,549.0,-84.0,3948.0,338.0,-198.0,-43.0,1551.0,69.0,-3272.0
292740,552.0,-85.0,3944.0,343.0,-197.0,-47.0,1551.0,69.0,-3272.0
292990,552.0,-85.0,3944.0,371.0,-180.0,-14.0,1551.0,69.0,-3272.0
293240,543.0,-76.0,3947.0,321.0,-178.0,-29.0,1551.0,69.0,-3272.0
293490,550.0,-74.0,3950.0,348.0,-186.0,-43.0,1551.0,69.0,-3272.0
293740,550.0,-74.0,3950.0,324.0,-192.0,-44.0,1551.0,69.0,-3272.0
293990,543.0,-79.0,3942.0,356.0,-196.0,-21.0,1551.0,69.0,-3272.0
294240,548.0,-75.0,3940.0,362.0,-183.0,-21.0,1551.0,69.0,-3272.0
294490,556.0,-79.0,3955.0,366.0,-179.0,-32.0,1551.0,69.0,-3272.0
